01:p0393-0408	van een kille 1), soo daer in een recijf is, een ander cleynder ende stercker vasticheyt(tsij dan een reduyt of andere forme van fortificatie, daertoe haer verscheydebequaeme hoochten ende goede gelegentheden presenteren) op te werpen, waer-mede men niet alleenlij ck over de voorsz. kil (sijnde d’eenige passagie van alle hetMoorse vaertuych) domineren, maer oock de Mooren selfs (die sonder de zeequalijck connen leven) in toom soude houden, behalven dat men sich van hetwaeter verseeckeren ende tot besettinge van de geseyde reduyt soo sterckengarnisoen als tot het tegenwoordich fort Tabalolo niet en soude van nooden hebben.
01:p0453-0462	Wat belanght U E. Batavise Neerlantse burgerije, ’t is seecker, dat U E. sijngecomen in ’t rechte verstant van de gelegentheyt ende genegentheyt derselver,maer insonderheyt van ’t vrouvolck, die, wanneer haer inbeelden wat middelkenste hebben, te onlijdelijcken woelen om in ’t vaderlant te wesen; het veele behoevenderselver is uyttermaten groot ende noch grooter de ongeregeltheden, die se ver-oorsaecken.
01:p0507-0522	Om met Chyna voor eerst in geen nieuwe onlusten te vervallen laeten wij nunae yets derwaerts tot belet van dien handel te attenteren, maer op de Aquapul-cose silverschepen meenen nogh naerder sonder versuym des handels te letten,hetsij van Molucco, Amboino ofte Banda, indien ons de verwaghte schepen,daertoe bequaem, tijdelijck toecomen.
01:p0507-0530	dan wel moghte volgen, wij ordre van ons principalen het aenstaende jaer be-quaemen om van de Indostanse negotie te desisteren, alsoo wij aen Haere E.neffens den dieren indigo ende cleeden, verleden jaere van Suratte af f gescheept,daerop in ’t breede hebben geschreven ende dat haere voordere ordre verwaghtendebleven.
01:p0507-0544	buyten Batavia is geweest, dat van eerlange goede proffijten getrocken sullenwerden 1 *).Tzeedert primo jannuarij 1635 sijn gegraeven de Javaense noorderbinnen-
01:p0507-0550	dat U E. van jaer tot jaer de effecten ende wercken bewijsen ende doen blij ekensullen.(Enkele regels uitgelaten).Nevens desen wert UE. oock gesonden de balanca van de generaele negotie-boecken in Indien, geslooten op 20 december lestleden, daerbij claer blijckt, dat
01:p0596-0655	Van Diemen, Lucasz., Gij seis en Caen III, 9 december 1637 655Hier moet nu affgetrocken worden de retouren, die U Ed.toeseynden, monterende in alles . fl. 1 131 073. 12. 8Sulckx in maniere als voren d’effecten in India sijn endeblijven . fl. 9 252 056. 7. 8
01:p0663-0696	cooplieden, samen met 210 lasten rijs ende 70 d°. padij door den coopman VanGale bevracht, bedragende fl. 16 660. 11. 8.
02:p0138-0138	XVI. ANTONIO VAX DIEMEN, CORNELIS VAN DER LIJN, JOANMAETSUYCKER, FRANQOIS CARON, JUSTUS SCHOUTEN EN SALOMONSWEERS, BATAVIA 16 november 1641 1).
02:p0139-0144	middelen (emmers buyten belastingh) gecocht dient. Den cleethandel heeft desenjare wat beter gerendeert, sulck geresolveert blijven denselven soetjens te ver¬volgen, totdat rnymer van capitael worden.
02:p0155-0168	Door de spade verschijningh van de vaderlantse schepen ende dat FredrickHenrick, inhebbende 200 000 gulden contant, tot heden niet vernomen wort,blijven omtrent 140 000 gulden in rijxdaelders, realen ende leeuwendaelders bijder hant, die alle geprojecteert hadden nae Tayouan te schicken om tegen goutvoor Suratte ende Coromandel over te setten, twelck door aengeroerde intervalgeen effect heeft connen sorteren ende niet alleen ’t provideren van de respectivecomptoiren, maer oock de proffijten veel ten achteren stelt, ten aensien ’t Chineesgout, nae sijn waerde ingecocht sijnde, tot Paleacatte 20 ende 25 percento advan-ceert ende ’t silver verlies geeft, dat nu soo sal moeten aengesien worden. . . .
02:p0155-0184	ons wel in eygendomme mocht gunnen 1). Men twijffelt niet, off den oppercoopmanPieter Antonisz. Overtwater (die 10 a 12 november nae Jedo stont te vertrecken)sal gewenscht tractement genieten. Tot besluyt sustineert gemelten Elseragh, desComp.8 commercie in Japan van tijt tot tijt met aenwasch van meer proffijtenende liberteyten toenemen sal ende prefereert Nangasacqui voor Firando met veelconsiderable redenen. Godt geve, ’t soo uytvalle ende de Chinesen (wiens aenge-brachte goederen met 34 joncken desen jare bij vercoop gerendeert hebben 947 200taylen, sijnde 2 699 520 gulden) mede uyt Japan mogen worden geseyt, waertoeal eenige apparentien beginnen te verthoonen.
02:p0200-0202	Genoemden Zuydwijck1) is per Oudewater . . . met den heelen omslaghherwaerts gekeert, de logie gelaten onder d’opsicht van twee Com.8 lijfeygenenende bewaringh des prince 2), die daervoor belooft sorge te dragen.
02:p0200-0204	anders als volgens onse last ende gelimiteerden prijs ende, soo daertoe niet hebben
02:p0200-0216	becomen, noch ten besten van de Comp.e uytvalt, alsoo nu bij goeden toevoer denhandel buyten interest sal connen volstaen ende Japan sonder smaldelingh sijn
02:p0200-0222	Comp.8 principale charges ende residentien employeren off van de hand senden,bevoren ons preuve van hun capaeiteyt gebleken sij omme geen peryckel te lopenvan quade mesnagie ende huyshoudingh, daer het al dickwils, gelijck U Ed. welseggen, aen gemancqueert heeft.(Lading der thans vertrekkende schepen naar patria, waard fl 1665572.19.-;op patria getrokken wissels).
02:p0223-0224	geretourneert, in alles, except de slaven, bedragende ƒ 6210.3.3. ende wert hoopegegeven, goede quantite rijs, slaven ende de voordere g’eyschte coopmanschappente volgen stonden.
02:p0223-0226	In de thinquartierenIn Patany ....In Cambodja . . .
02:p0223-0228	Anno 1643 den 13en january bedragen d’Indise effecten volgensovergesonden staet . / 7 721 760.13.14
02:p0232-0234	Indiaense jongens ende knechts ter hant genomen, daer veele de cost rijckelijckmet winnen ende om dit werck te faciliteren eysschen nu egeene gemaeckte schoe¬nen, maer wel Spaens droogh sool- ende ander leer, twelck U Ed. versoecken deruymte ende geen schoenen te senden.( Over kolonisatie , afgedr. Bouwstoffen III p. 176, r. 9 v.o., tot p. 178 onder;schepen van patria aangekomen: )
02:p0232-0238	ende in Banda waren wel drie predicanten nodich, van gelijcken in Amboina,welcke provincien tot nu door twee bedient worden.(Op Banda is van 1 maart 1643 tot 28 febr. 1644 f 33363.9.1 verloren; tocht naarhet Zuidland, afgedr. Bouwstoffen III p. 191 tot r. 12; schepen naar Makassargezonden).
02:p0232-0246	verloren heeft. Eialhe, discourswijse, is van opinie, het die van Japan seer salontstellen, als verstaen, bij ons aengehonden wert soodanigen persoon, die directe-lijck van sijnen Coningh aen den Keyser gecommitteert comt, te meer gemelteambassadeur, soo voorgeeft, ordre heeft betalingh te presenteren van den debitder stadt Maccauw aen die van Japan, dat een groote somme emporteert. Maer ditsijn maer frivoliteyten ende sullen wij bij den Japander daermede gunst capteren.Den haet der Japanders tegen die Christenen is onuytspreeckelijck ende ’t gebothdes Keysers onwederroepelijck.
02:p0232-0254	. . . . ’t Volck is hier seer behoeftigh ende alle nieuwe aencomelingen, naecktende beroyt, moeten gereddert ende gecleet worden. Bijaldien den cleethandelhadde mogen volstaen (gelijck verhopen, buyten ongeluck in ’t aenstaende salgeschieden), tweehondertduysent gld. ware d’advance grooter geweest. Soo ’tmaer sooverre conden brengen, Batavia’s winsten sijn ongelden balanceerde, denstaet van de Comp.e hier te lande soude ander posture crijgen, alsoo U Ed.comptoiren ende residentien van India op veel na sooveel niet gasteren als Bataviaalleen, daer de schepen uytgerust, versien ende ’t volck gegagieert werden.Boven dit achterstel staet des stads verbeteringh aen de
02:p0256-0260	dat 200 000 gld. minder is als anno passato ende nyt Batavia’ssware ongelden ontstaet.
02:p0267-0269	Van der Lijn, Maetsuyker en Van Alphen I, 9 juli 1645 269schappen ter somme van ongeveer . ƒ 350 000.Uyt Tayouan . ,, 230 000.Van Siam ongeveer . . „ 50 000.
02:p0311-0314	weynich voordeel cunnen doen, daerinne tot dempinge van dien handel 1) sullencontinueren.
02:p0311-0317	V. d. Lijn, Caron, Reniers, Caen, V. Dutecum, Demmer en Geleynsz. VII, 13 dec. 164=7 317.... de aengebrachte coopmanschappen ende insonderheyt de deden soberhebben gerendeert, ontstaende uut den grooten toevoer van diverse quartierenende principalijck dat door den oorlogh tusschen de Venetianen ende den Turck *)de wegen geslooten ende voor den coopman seer onveyl werden gehouden, invoe¬gen daer tsedert primo april 1646 tot primo may 1647 niet meer is geadvanceert
02:p0332-0362	968 vaten vleesch612 vaten speek64 vaten boter128 amen olie64 amen traen64 leggers wijn64 leggers asijn128 vaten sout
02:p0403-0404	sijnde [boven der stadts] ongelegentheyt van de onderdanen niet gewilt; wasdoende een jacht voor [hem] particulier te bouwen om daermede, de noot sulcxvereysschende, hem se[lven ende sijn] onderhebbende schatten te salv[eren endesou] na ’t schrijven van d’onse, de Visiapourse Coningh het oogh al op Goa geslagenhebben, sullende te beclagen wesen, dat soo schoonen stad met d’inwoonende endeonderhoorige Christenheyt in der Mooren ofte heydenen handen souden vervallen.Fol. 39r-v.
02:p0403-0418	seer doende om 200 balen rouwe sijde legia te versamelen, daer [aljreets over de25 balen a 36 ende 41 thoman de cargo hadde genegotieert; of sijn volle voorge¬stelde getal sal becomen, wert getwijffelt, doordien veele Armenische cooplieden,die voorlede jaer soo in Aleppo, Livorno als Venetia een goeden marckt hebbenaengetroffen, dat gespin, in Gylan van 28f 1) tot 37f thoman de cargo geresen,voor dien prijs omtrent 900 cargo hebben wechgevoert, . . .
02:p0403-0424	der buysen word bij den Japander niet veel werck gemaeckt, als de glasen maergoed ende helder sijn.(Toelichting op de eis uit Japan van rariteiten , o.a. een harnas voor Mitosamma,oom van den Sjogoen; Schillemans is met een cargasoen van f. 334105.13.12 uit Thai-wan 11 dec. 1649 in Tonkin gekomen; vgl. voor de berichten van daar Zeemogend¬heid II p. 416; de mandarijn Ongiatule stookt bij den Koning tegen de Nederlanders).
02:p0403-0430	lenen ende in haere versoecken ende voordragen te disponeren, gelijck oock ver-volcht werdt, buyten twelcke noch andere, extraordinarij vergaderinge nagelegentheyt ende voorval van saecken gehouden werden soo ter aencomste derschepen als andere voorvallen, bovendien imant, iets versoeckende ofte voor tedragen hebbende, niet onverhoort gelaten word, soodat desen aengaende U E.Ed.oock gene doleances meer voor te comen staen.
02:p0403-0438	Choromandel.
02:p0445-0446	rechten gemeent ende de overeencompsten van tijt tot tijt van sijner sijde achter-volght hadt, den Portugees moght na ogenschijn allangh voor de regering van denConing Dom Joan *) van het eylandt geweest sijn, om welcker wille wij aldaer soogrooten chrijgsmacht hebben moeten houden, of wij souden geene vruchten van delanden hebben getrocken ende daerenboven peryckel hebben geloopen weder teverliesen, dat met soo groote costen ende bloetstortinge was gewonnen, alhoewelwij vertrouwen, Raya Singa het anders verstaen sal, namentlijck dat wij aldaereerst de contracten verbroocken hebben ende in gebreecken gebleven sijn van onsebelofte te voldoen, gelijck sijne brieven, vervolgens aen ons ende de gouverneurs inGale geschreven, genoech te kennen geven.
02:p0445-0471	Proffijt gevende comptoiren ende handelplaetsen booven alle gevallen ongel-
02:p0480-0534	wij den camerlingh van den grooten mandorijn Ongsjatule nevens noch een persoonmet hare suite te verwachten hebben.
02:p0555-0576	( Alleen peper en barnsteen worden in Thaiwan goed verkocht; de eis van daar isklein; de strijd tussen I-kwan’s zoon en zijn oom is bijgelegd; bericht dat: )
02:p0555-0581	Sumatra’s Westcust . ƒ. 95561.16.11De cust van Mallabaar . „ 65309. 3.12’t Comptoyr Maccassar . ,, 44558. 7.13’t Comptoyr Malacca . . 28596.10.15’t Comptoyr Jambij . . 8475.18. 2In de generl. boecken op de versondenegiroffelnagelen . ,, 7636. 9. 8
02:p0583-0584	584 Reniers, Maetsuyker, Demmer, Hartzinck, Van Oudtshoorn, snz. VI, 5 februari 1652al moedich ende stout op sijn. De mestice barbier 1)J aldaer voor desen gevangen,is daer alsnu weder verbleven, niet afgecomen sijnde, als d’andere vertrocken, diewij dan vresen, beswaerlijck uyt hare handen sal geraecken, te meer dewijl wij deQuinammers alhier, die op de getroffen vrede rede waren vrijgelaten, weder inslavernij e hebben doen nemen.( Verwachting , dat de schepen 7 of 8 febr. naar Amboina kunnen vertrekken) .
02:p0640-0662	ende -vruchten van dien achtinge te nemen ; ten anderen vertonen de Nederlanderenseer geringe genegentheyt haere kinderen alhier voor een corten tijt te lateninstrueren, maer hebben liever deselve, genegentheyt tot de studie hebbende, tendien fine na ’t vaderlant te senden om tot volcomen perfectie te connen geraecken.Fol. 256r.
02:p0739-0740	deselve winden minder cracht sijn doende, als wanneer verhoopen, daer alles inabondantie aengeteelt sal connen werden om te dienen soo tot onderhout derresidenten als tot verversinge ende spij singe der schepen, daer gins ende wederpasserende. Onder tusschen moeten soo van U Ed. uyt het vaderlandt als van hiervan het noodige versorght worden. Rijs, schrijft den . . . commandeur, dat henaldaer dienstiger is als hard broot, omdat sij geen gelegentheyt en hebben omhetselve te preserveren ende wel geslooten te houden, eysschende dienvolgendevan hier dartich lasten jaerlicx nevens cadjangh 1), boontjes etc., die wij voornemenhaer te bestellen, opdat niet wederom in gebreck comen te vervallen.
02:p0739-0745	Ende d’effecten van verleden jare conform den staet ende cal¬culatie, 17 december anno 1652 gemaect, beloopen . . .Waertoe nu op wissel ontfangen is r. 126 490 .
02:p0770-0784	(Het is moeilijk het rechte te horen, o.a. omdat de kooplui van de kust zelf niet veelweten; Coxinga is niet teruggekomen op zijn eis betreffende hel lichten van goederen uiteen jonk door een Compagnies jacht; hij had in april verzocht om . . .)
02:p0770-0806	verstaen, namentlijck betaelende voor ijder jonck 15 hondert ende voor ijderwancan 1000 realen eens voor gaen en coomen, hetwelck geoordeelt hebben omdeselve vreemdelingen, die haer vaert nu weder een weynich schijnen te willenhervatten, Batavia niet onsmakelij ck te maken vooreerst genoech te wesen.Fol. 148v-149r.
02:p0821-0825	(Vier olifanten uit Siam ontvangen).Deselve eliphanten worden ons tot schenckagie gesonden, twee van de Pegusevrou Osoet ende 2 van den Oja Sabertiban, sijnde nu berquelangh gemaeckt, datons niet zeer aengenaem is om de ongenegentheyt, die hij ons vanouts is toedra¬gende.
03:p0247-0254	254: Maetsuyker, Hartsinck, Van Oudtshoorn, Verburch, enz. XVXEI, 1 6 december 1659
03:p0292-0294	294: Maetsuyker, Hartsinck, Van Oudtshoorn, Verburch en Steur XIX, 16 januari 1660
03:p0292-0304	gepleegt hadde, in Mosemchan’s handen gevallen ende wel haest loon naa werckensouw vercrijgen, daertoe in Ougly noch veele van sijn complicen waeren gevangenom het almede met den hals te moeten becoopen.( Van 1 sept. ’58 tot 30 juni ’ 59 is in Bengalen uitgegeven . . . .)
03:p0314-0324	324: Maetsuyker, Hartsinck, Van Oudtshoorn, Verburch en Steur XX, 10 december 1660
03:p0314-0334	334: Maetsuyker, Hartsinck, Van Oudtshoorn, Verburch en Steur XX, 16 december 1660
03:p0314-0348	34:8 Maefcsuyker, Hartsinck, Van Oudtshoorn, Verburch en Steur XX, 16 december 1660
03:p0371-0371	XXII. JOAN MAETSUYKER, CAREL HARTSINCK, AERNOUT DEVLAMING VAN OUDTSHOORN, NICOLAES VERBURCH EN DIRCKJANSZ. STEUR, BATAVIA 28 jan. 1661.K.A. 1122, fol. 489—490.( Aankomst van Cau van Makassar, waar vrede is gesloten , Daghregisters 28jan., p. 18 — 19 en Corpus, nr. CCLIV; het fort Pannakukkang is echter niet geslecht ,maar gerestitueerd).
03:p0393-0399	Maetsuyker, Hartsinck, Verburch en Steur XXVI, 22 april 16(52
03:p0403-0404	( Ze zijn thans te Batavia, zeer dankbaar voor de Engelse hulp; uit patria arri¬veerden
03:p0403-0426	4:26 Maetsuyker, Hartsinck, Verburch, Steur en Joan Thijsz. XXVII, 26 december 1662
03:p0403-0450	( Getracht wordt voor een jaar aan baüastgoederen als koper, sapanhout en sal¬peter in voorraad te hebben; de retourvloot wordt voortaan voor een jaar met rijst enhard brood voorzien ; optreden tegen particuliere handel en knoeierij; personalia; voor¬slag Joan Thijsz. tot ordin. raad van Indie te benoemen; Winnincx wordt 2e comman¬deur van de retourvloot; winsten: )
03:p0525-0525	s
03:p0525-0541	54:1
03:p0670-0673	Monsambique te keeren om te overwinteren tot de maent jannario deses jaers,wanneer het de reyse stont te hervatten.De Vicerey had een zeemacht uyt gehad om Muscatta te besetten, maer metgeen goet succes, sijnde eenige van deselve teruggecomen met tijding, dat deArabiers vier scheepjes genomen ende de andere van de cust gejaegt ende ver-stroyt hadden.
03:p0674-0674	XL VII. JOAN MAETSUYKER, NICOLAES VERBURCH, LAURENS PIT,PIETER OVERTWATER, MATTHEUS VAN DEN BROUCK, PIETERVAN HOORN EN CONSTANTEN RANST, BATAVIA 18 febr. 1669.1166blB, fol. 902.(Van hei cargasoen der twee retourschepen , 1 febr. vertrokken , was f. 237020.2.15voor Amsterdam , f. 139222.18.3 voor Zeeland).
03:p0675-0675	XLVIII. JOAN MAETSUYKER, NICOLAES VERBURCH, LAURENS PIT,PIETER OVERTWATER, MATTHEUS VAN DEN BROUCK, PIETERVAN HOORN EN CONSTANTIN RANST, BATAVIA 28 febr. 1669.1156bl8, fol. 905-906.(Mededelingen uit Manilla , vgl. Daghregisters 1668-1669 , p. 255-265).
03:p0779-0785	iCormandelBengale .Souratta.WingurlaI Persia . .f Cheylon .\ Cochin .
03:p0779-0812	(Andere ontvangsten f. 571604.4.11, w.o. f. 282724.18.4 gered uit de verganeSchermer, f. 144448.13.14 uit confiscaties, f. 78447.9.9 aan kaneel als afbetaling vanden Keizer van Kandi; verliezen,)
03:p0835-0836	836 Maetsuyker, Verburch, Pit, Overtwater, Speelman en Van Hoorn LXV, 31 jan. 1673(Poging . . . .)
03:p0835-0873	Allerhande onkosten . ƒ. 168960. 1.15De timmeragien . . 112501.14. 1te samen /. 281461.16. —waerop de ongelden van de coopmanschapafgeschreven ten bedragen van . ƒ. 182617.19. 9
03:p0835-0876	Op ’t eyland Ceylon sedert p.° meert 1670 tot ul.° feb. 1671Op ’t grootcomptoir Batavia tsedert p.° sept. 1671 tot ul.°aug. 1672 .Op ’t comptoir Siam ’t sedert p.° aug. 1671 tot ul.° july 1672
03:p0894-0896	13852 Ambonnesen .1309 Macassaerse en Boutonse slaven . . .2148 diverse andere slaven .
03:p0894-0917	Op ’t comptoir Malacca tsedert p.moaugusto 1672 tot ult.m0 july a.° 1673 ƒ 19 535.16.Op ’t comptoir Bengale tsedert p.m0july a.° 1672 tot ult.mo jxmy a.° 1673 „ 241 665.16.12 §/ 2 085 587.12.10J.( Andere winsten f. 297665.15, w.o. aan gemankte buit; verliezen: . . . .)
04:p0042-0042	LXXV. JOAN MAETSUYKER, NICOLAES VERBURCH, RYCKLOFFVAN GOENS, LAURENS PIT, PIETER OVERTWATER, CORNELISSPEELMAN, CONSTANTIN RANST, PIETER VAN HOORN EN SIBRANTABBEMA, BATAVIA 25 september 1675.1187, fol. 1092-1094, copie 1196, fol. 157-159.(Vgl. Daghregisters p. 237-251; deze brief gaat met de Cesar, die 2 sept. uitEngeland te Bantam kwam; geringe rijstaanvoer te Batavia).
04:p0043-0065	’t Hospitael . . . . f. 845. 4.13Schencagie . . 487. 7. 8
04:p0241-0241	Van (loens, Speelman, Bort, Van Outhoorn en Camphuys V, 26 november 1678
04:p0373-0376	Vooral is gerecommandeert en genoeghsaem geordonneert van ginder tedimoveren den snooden paap Hatibi Gilolo 1).( Zo nodig ook een niet met name genoemde Tidorese prins op te zenden en Tidoremet kracht tot medewerking te dwingen; in de oden van reconciliatie ook op te nemen ,- ;
04:p0373-0392	( - wordt gemeld; een Armenisch schip brengt een lading suiker naarPerzie; goede verstandhouding met de autoriteiten te Hugly; Mirza Ali Necki pachttede douane voor 62000 ropia ’.s jaars; het heffen van hoofdgeld van de heidenen is er nogniet ingevoerd; 31 mei 1679 was de financiele toestand over een jaar: )Tot Ougly bedragen de winsten meer als de ongelden . . . . f. 105 865.15. 2
04:p0600-0609	Speelman, Bort, Hurdt, Van Outhoorn,-Camphuys, Pit, enz. IX, 31 december 1683 609orangkayen van de westerse dorpen Batoemea 1), Milloen, Biatoe, Coeway,Pellekarangh ende Comber 'den: 1 1 september een nader contract ende verbontgemaackt 2 3) ende laatende den provisioneel sergiant Jacob van der Haften in denieuwe volbouwde burght Wilhelmus voor commandant over de verblijvendemilitairen en andere posthouders ten getale van 26 coppen.frol. 42v-45v.
04:p0600-0639	Speelman, Bort, Hurdt, Van Outhoom, Camphuys, Pit, enz. IX, 31 december 1683 639(Met de Baam is nu nog 90 last rijst gezonden; de wijnteelt neemt ertoe - )
04:p0651-0653	te samen 578 921 boomen, groot en kleen. Ende in den jaare 1680 was het getalder twede en derde soort meerder als volght, te weten :
04:p0651-0664	664 Camphuys, Hurdt, Van Outhoom, Pit, Schaghen en Van Hoorn I, 19 februari 1684dat, indien onse ondememinge in Persia tot vernietinge van ’t schadel. zijde-contract wel comt te succederen, de Moorse en andere regenten soowel in Bengaleals elders omsigtiger en reckelijcker in den handel van de Comp.e haar sullen ge¬dragen.( Opkoop van textiel te Bellasore; een Engelse kits bracht er peper , kruidnagelenen foelie aan, van ons in Malabar opgekocht, waarop nauwelijks verdiend kan zijn).
04:p0753-0756	756 Camphuys, Hurdt, Van Outhoorn, Pit, Van Quaelbergh, enz. V, 12 febr. 1685De menigvuldige kreecken en schuylhoecken in de bekende als onbekenderevieren brengen de zaacke bijnae tot een onmogelijckheyt om er voor te sijn,
04:p0753-0771	Camphuye, Hurdt, Van Outhoom, Pit, Van Quaelbergh, enz. V, 12 febr. 1685 771Hare restanten in silvere r.08 bestonden uit . f. 302061in goede uitstaande schulden . . 496159in coopmanschappen . „ 106075
05:p0024-0061	Calpentyn . .JaffanapatnamManaar . . .Gale .Mature ....
05:p0099-0140	Winsten :
05:p0260-0279	(Het resultaat is nog niet bekend; hoop op goed textiel uit Madura; de Teuverhad - ;
05:p0296-0344	(27 oct. vertrekt de Grijpvogel via Bantam en Silebar naar de Westkust met—)
05:p0296-0346	eerste uytgift tot eenige uytgediepte gragten, zij gepasseert met specificatie indeselve, dat se uyt ’s H.ren Geregtigheyts gelden zoude geschieden.
05:p0351-0373	( Mogelijk vloeit den Engelsen veel peper uit de Lampongs en Silebar toe; uit hetBantamse rijk door de V.O.C. ontvangen peper: )
05:p0508-0541	De nagelen
05:p0567-0576	chaloup (die wij ten dien eynde 70 voeten langh op Rembang laten aantimmeren)jaarlijx sal moeten bekruyssen, wel te verstaan van de maand may tot octobertoe.
05:p0567-0598	de kostgelden van Comp.8 inlandse militairen .’t hospitaels onkosten .d’onkosten van Comp.8 paardestal .de fortificatieoncosten .’t collegie van den agtb. Raad van Justitie deses casteels . . . .
05:p0605-0619	Uit voorafgaand onderzoek was maar weinig aan het licht gekomen, maar debondgenoten, vnl. de Koningen van Gowa, Tanette en Luwu hielden dien van Bimavoor schuldig, het advies van de 'politieke raad was daarom hem twee jaar bij hetkasteel Rotterdam aan te houden, het bestuur over het land aan twee groten overlatend ,werd in die tijd geen voldoende bewijs verworven, dan zou hij vrijgesproken worden;ter bondgenotenvergadering wilde niemand zich uiten, waarom Prins eerst stemde,- ;
05:p0605-0638	„ Masulipatnam . ,, 83505 „ 44246„ Bimelepatnam . „ 38187 „ 3546„ Golconda . „ 9730 „ 12143„ Palicol . . „ 7416,, Daatcheron . . „ 14183d’incomsten der dorpen Palicol en Contera . ,, 4848 -
05:p0650-0665	Daarentegen beloopen d’incomsten des Koninkrijx Jaccatra f. 476811
05:p0668-0670	Bock om Bouro en Manipa te visiteren en dan vervolgens langs Ceram’s noort-kust tot in de bogt van Hatuwe te scheppen en alsoo de landtogt tot extirpatie dernagelbomen van die kant te beginnen onder den vendrig Hans Metsler, evengelijk ook van Ceram’s zuydkust ter ordre van den gouverneur onder den sergeantMichiel Dolmaker stout te geschieden. Beyde deze lanttogten zijn ontrent deselfstetijt begonnen, dog in verre na sooveele specerij ebomen niet ontdekt, als wij welgemeent hadden, want aan de zuytkant heeft men geen meer geextirpeert als 411
05:p0712-0734	Daerentegen zijn de lasten en ongelden gedurende de voorsz. tijt geweest, als volgt :
05:p0712-0735	op Timor .op Tutucorijn .sooveel bedragen de gelden door de volmagten van d’h.r Aly Mardi-chan tot Golconda aan d’E. Comp. ge telt om daermede haren meesteruyt handen van Ramragie en sijne gevankenisse te verlossen . . .en dan lopen nog tot Batavia wegens interest winnende capitalen . .wegens renteloose capitalen en credit lopende reecq .
05:p0779-0809	point der begeerde convoyschepen en het gunstig afdoen deser saacke zijn meesterom te setten.
05:p0779-0819	’t Hospitael voor ’t bekostigde ten behoeve van ’sComp.8 impotentedienaren boven gl. 19660, voor haere halve gagie daertegen gerescon-treert . „ 16011Fortificatie . . 28055Timmeragie voor ’t bedragen van 6 nieuwe gebouwen, desen jare op-gebragt . . 46590Onkosten van’ s Comp.8 paardestal . „ 12479
06:p0066-0083	(Ze zijn teruggebracht en gestraft; de Hoge Regering vindt dit van meer belangdan de gouverneur).In de Dolhadsas Corles1) waren daarentegen gevlugt uyt Coninxlanden endoor de onse opgevat een Singalees appohamy, twee lascorijns, drie vrouwen eneen meysje, dewelke weder na boven aan de hofsgroten waren gesonden.
06:p0113-0113	XXVI. WILLEM VAN OUTHOORN, JOAN VAN HOORN, LAURENS PIJL,DIRK DE HAAS, ABRAHAM VAN RIEBEECK, JOANNES COPS, MANUELBORNEZEE, LAURENS PIT, THOMAS VAN RHEE EN JACOB VAN DAM,BATAVIA 19 februari 1700.Copie. Kol. Arch. 1520, fol. 82-83.(Op arrest van de Raad van Justitie wordt verzocht een wissel van 2250 rsd., doorValckenier getrokken ter uitbetaling aan George Munnik o} mr. Dirk van Bleyswijck ,niet uit te betalen).
06:p0116-0126	- alwaar de regeringe weder onder eenen Conink van een fieren aardtgeraakt soude wesen *).(Men wil echter die streek niet tegen hen laten bekruisen; te Padang kwam eenEngels scheepje van 70 ton , toebehorende den gouverneur van Madras Thomas Pitt;men heeft)
06:p0144-0147	Van Outhoom, Van Hoorn, Pijl, De Haas, Van Riebeeck, enz. XXXI, 28 januari 1701 147ter dier oorsake ’s Comp.8 assistentie om ’tselve quaataardig feyt, als aldaar volgensderselver voorgeven bevorens noyt meer gebeurt wesende, te helpen revengeren ofanders hun met eenig geweir en buskruyt te assisteren, ’twelk uyt hoofde van non-qualificatie bij haar was geexcuseert.(De Hoge Regering heeft echter geen bezwaar tegen deze geringe hulpverlening;voorval )
06:p0161-0164	in ’t casteel en daaromher . koppen 5622tot Gilisson . „ 615„ Poulongbankeeng . „ 1637„ Boulocomba . „ 3096„ Zaleyer . ,, 13757„ Marous . „ 12589
06:p0219-0229	d ’ verdiende vraghten, transp.1 en costgelden . f. 4182door confiscatie geprofiteert . ,, 14101de ontfange geschencken excederen d’gedane . „ 4614Soodat de algemeene winsten en voordeelen bedragen . f. 1519364
06:p0346-0349	Van Hoorn, Van Riebeeck, Van Swoll, De Wilde, Douglas, enz. IX, 30 november 1705 349vergadering met eenparige stemmen ’t gem. potentaat je Philip Anthonisz. gecon-demneert is aan den Coning van Taboeckan Mattheus Francisco Maccaampo overte geven 24 sijner Tallauwtse onderdanen uyt de negorije Paloetang 1) in stede vansooveel vermoorde Andoelangers, benevens een boete van 200 rd.re aan d’E.Comp®tot vergoedingh der onkosten.(Ook de andere twee werden beboet; de Koning van Taruna, don Louis Me-langin,)
06:p0346-0353	bawa met zijn schoonvader, den oud-Koning Dato Loka x), op Macassar overgeko¬men, is door den Coning van Bony wegens sijn clandestin vertreck na Sumbawaen andere begane misslaagen gepardonneerdFol. 74v-7ör.(Hem werd hei V.O.C. aandeel uit de boedel van zijn vader gerestitueerd; hijheeft )
06:p0346-0382	Voor HoornGansenhoeff . f. 194845En voor Enckhuysen’t Huys te Hemert . . 202121
06:p0415-0423	apprehensie sijn genomen om aan den Conink van Ternaten voortgeschikt te wer¬den, sullen die vijandelijke ondernemingen wel wat gestut en het voorgeeven, alsofhij daartoe door ons soo wel als door de Coningen van Bony en Goa g’authoriseerden tot Opperheerscher van Kajely verheeven was, verijdelt werden.
06:p0415-0426	(6oct. vertrok RooseUmr mei de Sirjansland derwaarts; Metzue moet voorzichtigonderzoeken,)
06:p0415-0458	geene door d’E. Comp® in het rijk soude werden aangebragt om het dan weederaan andere coopluyden te verhandelen.(Directeur Castelijn moet daar nadrukkelijk tegen opkomen en mag om dat teverhoeden tot 300 toman of f. 12000 aan hofgroten schenken en evt. naar Ispahanreizen, geeft dal alles geen resultaat, dan moet men de V.O.C. waren toch verkopen;opdracht )
06:p0464-0465	Betaalde zoldijen aen ’s Comp.8 dienaren aen land be-
06:p0466-0472	wenschen, dat derwaerts een goed en ervaeren directeur wierd gesonden ommedoor Godes genade met denselven alle verschillen te mogen vereffenen.(Uit Bengalen werden ook translaten ontvangen van brieven in denzelfdengeest; in)
06:p0531-0573	Van Hoorn, Van Riebeeck, Van Swoll, Douglas, De Vos, enz. XXVI, 25 november 1708 573(vnl. textiel , 2088000 ® salpeter ad f. 255780 , 173412 'ffi indigo ad f. 324731,2903355 ≤8 peper ad f. 388582, 3250 kisten Japans koper ad ƒ. 160963; last vanHeren XVII het theeschip steeds naar Amsterdam te zenden; hun last schepen van160 voet ook niet te gebruiken in de Oosterse provincies kan niet steeds worden opge¬volgd; men moet overal wegens onmogelijkheid tot verkoop van goederen met contanteninkopen; om de retourvloot te bemannen heeft men deels nog niet uitgediende ambachts¬lieden en soldaten moeten gebruiken).
06:p0574-0574	XXVII. JOAN VAN HOORN, ABRAHAM VAN RIEBEECK, CHRISTOFFELVAN SWOLL, ABRAHAM DOUGLAS, PIETER DE VOS, ADAM VAN RIJN,HENDRICK ZWAARDECROON, CORNELIS CHASTELEIN EN MATTHEUSDE HAAN, BATAVIA 31 december 1708.Kol. Arch. 1642, fol. 834-839, copie ibid. fol. 946-949.(De Westhoven vertrok eerst 29 nov.; de reis der retourschepen verliep voor¬spoedig )
06:p0663-0676	kosten, die aan sodanige expeditien gehegt en nu voor de ruste aldaar gansch nietkwalijk besteed zijn.( Karaeng Bontopanno en andere gezanten van Goiva vernederden zich 6 novem¬ber voor de Hoge Regering , hun krissen werden hun teruggegeven; men zal nog dis¬poneren )
06:p0810-0833	fortificatie . f. 23139timmeragie . 29260betaalde intresten . 237846schenkagie, voor het meerder verschonkene . 837
07:p0162-0162	VII CHRISTOFFEL VAN SWOLL, ABRAHAM DOUGLAS, MATTHEUS DEHAAN, FRANS CASTELIJN, HENDRIK ZWAARDECROON, THEODORUS DEHAEZE, LAURENS TOLLING, PIETER ROOSELAAR, SAMUEL TIMMERMAN,JACOB FAES, JOAN CORNELIS D'ABLEING EN FERDINAND DE GROOT, BA¬TAVIA 13 sept. 1715.Kol. Arch. 1760, fol. 4-60.(De Schoonewal, Wateringen en Haringtuin vertrokken 23 mei van de Kaap; uit patriakwamen)
07:p0226-0242	242 Van Swoll, Castelijn, De Haan, Zwaardecroon, De Haeze, enz. XII, 30 nov. 1716bareschan, het - verschil, 'twelk d'E. Comp. aldaar heeft gehad tegens den trouw¬
07:p0467-0467	VI. HENDRIK ZWAARDECROON, FRANS CASTELIJN, MATTHEUS DE HAAN,SAMUEL TIMMERMAN, JACOB FAES, LAURENS TOLLING, JOAN CORNELISD'ABLEING EN ANTHONY HUYSMAN, BATAVIA 26 maart 1720.
10:p0049-0049	II. ADRIAAN VALCKENIER, JOAN PAUL SCHAGHEN, JOHANNES THE-DENS, ELIAS DE HAEZE, ISAAC VAN SCHINNE, HERMAN VAN SUCHTE-LEN, PIETER ROCHUS PASQUES DE CHAVONNES, PIETER DUQUESNE,GUALTERUS WOUTERS en JOHANNES SAUTIJN, BATAVIA 25 januari 1738.Kol. Arch. 2286, VOC 2394, fol. 1056-1345.
10:p0081-0081	Ila. ADRIAAN VALCKENIER, JOAN PAUL SCHAGHEN, JOHANNES THE-DENS, ELIAS DE HAEZE, ISAAC VAN SCHINNE, HERMAN VAN SUCHTE-LEN, PIETER ROCHUS PASQUES DE CHAVONNES, PIETER DUQUESNE,GUALTERUS WOUTERS en JOHANNES SAUTIJN, BATAVIA 25 januari 1738,geheim.Kol. Arch. 2286, VOC 2394, fol. 1-49.
10:p0087-0087	III. ADRIAAN VALCKENIER, JOAN PAUL SCHAGHEN, ELIAS DE HAEZE,ISA AC VAN SCHINNE, HERMAN VAN SUCHTELEN, PIETER ROCHUS PAS-QUES DE CHAVONNES, PIETER DUQUESNE en GUALTERUS WOUTERS,BATAVIA 31 maart 1738.Kol. Arch. 2289, VOC 2397, fol. 2372-2594.
10:p0087-0109	aen d’ hier aan land bescheydeneEuropesezeevarendeinlanders
10:p0087-0110	Schenkagie wegens meerder af[ge]geven dan ontfangene geschen¬ken ƒ 2.581,10,-De gesamentlijke lasten van dit boekjaar belopen ƒ 3.576.026,10,8
10:p0255-0255	VI. ADRIAAN VALCKENIER, JOAN PAUL SCHAGHEN, JOHANNES THE-DENS, ELIAS DE HAEZE, ISAAC VAN SCHINNE, HERMAN VAN SUCHTE-LEN, PIETER ROCHUS PASQUES DE CHAVONNES, PIETER DUQUESNE enELIAS GUILLOT, BATAVIA 5 april 1739.Kol. Arch. 2317, VOC 2425, fol. 2943-3179.
10:p0255-0280	leven nog stil en bemoeyen sig met geen negotie, verwagtende egter, soo de maaregaat, dat jaer een schip uyt Europa, terwijl de ministers ten reguarde van de vaert derinlanders sig hebben gedefereert aen een dierwegens overgekomene lijste.
10:p0399-0407	BIJLAGE BIJ DE GEHEIME MISSIVE VAN 12 DECEMBER 1739
10:p0413-0413	VIII. ADRIAAN VALCKENIER, JOAN PAUL SCHAGHEN, JOHANNES THE-DENS, ELIAS DE HAEZE, ISAAC VAN SCHINNE, HERMAN VAN SUCHTE-LEN, PIETER ROCHUS PASQUES DE CHAVONNES, PIETER DUQUESNE,ELIAS GUILLOT, NICOLAAS CRUL, JOHANNES MACARE en DANIËLNOLTHENIUS, BATAVIA 12 januari 1740.Kol. Arch. 2344, VOC 2452, fol. 12-355.
10:p0413-0456	Volgende specificatie:
10:p0413-0459	Nu volgt ’t bedragen van ider bodems inlading, als:
10:p0461-0474	mitsgaders gevolglijk dat jaar meerder ƒ 38.388,19,8 dan ’t jaar bevorens, wanneermaar ƒ 101.419,15,- beliepen, en overzulx te beklagen dat dezelve weeder door meer¬dere lasten dan ’t jaar bevoorens monteerende ƒ 3653,14,- hebben moeten gedimi-nueert werden alzo dese laatste tezamen jongst hebben beloopen ƒ 185.940,12,-, teweeten op
10:p0461-0487	ƒ220.981,11, 8ƒ294.348,11, 8ƒ 175.518, 5,-ƒ 118.830, 6, 8
10:p0496-0496	XII. ADRIAAN VALCKENIER, JOAN PAUL SCHAGHEN, JOHANNES THE-DENS, HERMAN VAN SUCHTELEN, PIETER ROCHUS PASQUES DE CHA-VONNES, PIETER DUQUESNE, ELIAS GUILLOT, NICOLAAS VAN BEREN-DREGT, NICOLAAS CRUL, JOHANNES MACARE, DANIËL NOLTHENIUSen MAURITS VAN AERDEN, BATAVIA 10 januari 1741.Kol. Arch. 2373, VOC 2481, fol. 844-1473.
10:p0496-0580	Randsoenen ordinair voor de afgegeveneaand’ Europesche ’s Compagniesdienaren ƒ 433.839, 9, -d’ inlandse militairen ƒ 3.822,15, —
10:p0496-0582	( De inkomsten bestonden uit )
10:p0496-0595	792.010 lb. peeper swarte geharpte Bantams76.696 lb. caliatourhout cust5738 lb. paarlemoerschelpenDe Bataviase versameling monteert
10:p0496-0597	1 wissel groot ducatons 10.0001 wissel groot ducatons 9.0001 wissel groot ducatons 8.0001 wissel groot ducatons 7.0001 wissel groot ducatons 5.384,44
10:p0598-0598	XIII. ADRIAAN VALCKENIER, JOAN PAUL SCHAGHEN, JOHANNES THE-DENS, HERMAN VAN SUCHTELEN, PIETER ROCHUS PASQUES DE CHA-VONNES, PIETER DUQUESNE, ELIAS GUILLOT, NICOLAAS VAN BEREN-DREGT, NICOLAAS CRUL, JOHANNES MACARE, DANIËL NOLTHENIUSen MAURITS VAN AERDEN, BATAVIA 25 maart 1741.Kol. Arch. 2376, VOC 2484, fol. 2610-2870.
10:p0633-0633	XIV. ADRIAAN VALCKENIER, JOAN PAUL SCHAGHEN, JOHANNES THE-DENS, HERMAN VAN SUCHTELEN, PIETER DUQUESNE, ELIAS GUILLOT,NICOLAAS VAN BERENDREGT, NICOLAAS CRUL, JOHANNES MACARE,DANIËL NOLTHENIUS en MAURITS VAN AERDEN, BATAVIA 6 november1741.Kol. Arch. 2405, VOC 2513, fol. l-808a.
10:p0749-0767	II. JOHANNES THEDENS, HERMAN VAN SUCHTELEN, PIETER ROCHUSPASQUES DE CHAVONNES, PIETER DUQUESNE, ELIAS GUILLOT, NICO-LAAS VAN BERENDREGT, NICOLAAS CRUL, DANIËL NOLTHENIUS enMAURITS VAN AERDEN, BATAVIA 14 januari 1742.Kol. Arch. 2407, VOC 2515, fol. 754-934.
10:p0749-0799	III. JOHANNES THEDENS, HERMAN VAN SUCHTELEN, PIETER ROCHUSPASQUES DE CHAVONNES, PIETER DUQUESNE, ELIAS GUILLOT, NICO-LAAS VAN BERENDREGT, NICOLAAS CRUL, DANIËL NOLTHENIUS enMAURITS VAN AERDEN, BATAVIA 10 februari 1742.Kol. Arch. 2407, VOC 2515, fol. 1199-1228.
10:p0749-0857	V. JOHANNES THEDENS, PIETER ROCHUS PASQUES DE CHAVONNES,ELIAS GUILLOT, NICOLAAS VAN BERENDREGT, NICOLAAS CRUL, DANIËLNOLTHENIUS, MAURITS VAN AERDEN, JACOB LAKEMAN, THOMAS VANSPREEKENS en JOHANNES MATTHEUS CLUYSENAAR, BATAVIA 5 decem¬ber 1742.Kol. Arch. 2442, VOC 2550, fol. 17-757.
10:p0749-0987	( Er is 38.990 Ib gewone witte benzoe, 51.253 benzoe pee en 4845 Ib ( als geschenkuit Baros ontvangen), geveild. )Samentrecking der sodanige coopmanschappen als er sedert primo septemberanno 1741 tot ultimo augustus deses jaars aan de Portugeesen, Chineesen, en anderebuytenlandse handelaars soo tot Manilhas, en China verkogt en van dezelve ingekogtsijn, namentlijk.
10:p0749-0997	VI. JOHANNES THEDENS, DANIËL NOLTHENIUS, PIETER ROCHUS PAS-QUES DE CHAVONNES, JACOB LAKEMAN, ELIAS GUILLOT, THOMASVAN SPREEKENS, NICOLAAS VAN BERENDREGT, JOHANNES MAT-THEUS CLUYSENAAR, MAURITS VAN AERDEN en NICOLAAS CRUL,BATAVIA 17 december 1742.Kol. Arch. 2444, VOC 2552, fol. 1274-1290.
10:p0749-1001	VIL JOHANNES THEDENS, DANIËL NOLTHENIUS, PIETER ROCHUS PAS-QUES DE CHAVONNES, JACOB LAKEMAN, ELIAS GUILLOT, THOMASVAN SPREEKENS, NICOLAAS VAN BERENDREGT, JOHANNES MATTHEUSCLUYSENAAR, MAURITS VAN AERDEN en NICOLAAS CRUL, BATAVIA1 1 januari 1743.Kol. Arch. 2444, VOC 2552, fol. 1306-1371.
10:p0749-1016	VIII. JOHANNES THEDENS, PIETER ROCHUS PASQUES DE CHAVONNES,DANIËL NOLTHENIUS, NICOLAAS VAN BERENDREGT, JACOB LAKE-MAN, THOMAS VAN SPREEKENS, JOHANNES MATTHEUS CLUYSENAARen NICOLAAS CRUL, BATAVIA 5 april 1743.Kol. Arch. 2445, VOC 2553, fol. 1592-1906.
10:p0749-1043	genoegsaam was gesuppleert geraakt tot ons genoegen, daar het contrarie plaats heeftter zaake de thee niettegenstaande dese opgedaagde vermindering der prijsen, egterdoor den anderen zoo goedkoop niet als bevorens heeft kunnen ingeslagen werden.Invoegen dat benevens de ingebragte quantiteyt en derselver soorten, voorzooverredat bij de resolutie daarover genomen heeft kunnen werden nagegaan, bij de onder vol¬gende specificatie werd aangewezen, namentlijk:
10:p0749-1087	foei ijcanneel
10:p0749-1087	ƒ 99.204,10, -ƒ 16.042, 4, -
11:p0226-0291	uytvoer ter zee op alle plaatsen ten voorsz. gouvernemente sal uytleveren, mitsgadersvan de lijwaten en ander coopmansz. die dat eyland zal slijten eguaal met de geheelewest vijf percento, van welke twee articulen de verdeeling zal geschieden in dese manie-
12:p0001-0002	van 23 en brief na Bantam van 24 november waaraan ons versoeken te mogen referee-ren, om de secretesse nog te beter te bewaren.
12:p0003-0003	II. JACOB MOSSEL, JOHANNES MATTHEUS CLUYSENAAR, DANIËL OVER-BEEK, AREND VAN BROYEL, JACOB VAN DER WAEYEN, PETRUS ALBERTUSVAN DER PARRA, JURGEN VAN DER SPAR, JAN HUYGHENS en JOAN GIDEONLOTEN, BATAVIA 31 december 1750.Kol. Arch. 2643, VOC 2751, fol. 139-517.
12:p0083-0083	III. JACOB MOSSEL, JOHANNES MATTHEUS CLUYSENAAR, DANIËL OVER-BEEK, AREND VAN BROYEL, JACOB VAN DER WAEYEN, PETRUS ALBERTUSVAN DER PARRA, JURGEN VAN DER SPAR, JAN HUYGHENS en JOAN GIDEONLOTEN, BATAVIA 21 januari 1751, geheim.Kol. Arch. 2644, VOC 2752, fol. 935-939.
12:p0084-0084	IV. JACOB MOSSEL, JOHANNES MATTHEUS CLUYSENAAR, DANIËL OVER-BEEK, AREND VAN BROYEL, JACOB VAN DER WAEYEN, PETRUS ALBERTUSVAN DER PARRA, JURGEN VAN DER SPAR en JOAN GIDEON LOTEN, BATAVIA8 april 1751.Kol. Arch. 2645, VOC 2753, fol. 949-969.
12:p0088-0088	V. JACOB MOSSEL, JOHANNES MATTHEUS CLUYSENAAR, DANIËL OVER-BEEK, AREND VAN BROYEL, JACOB VAN DER WAEYEN, PETRUS ALBERTUSVAN DER PARRA, JURGEN VAN DER SPAR en JOAN GIDEON LOTEN, BATAVIA8 april 1751, geheim.Kol. Arch. 2645, VOC 2753, fol. 970-974.
12:p0089-0089	VI. JACOB MOSSEL, JOHANNES MATTHEUS CLUYSENAAR, AREND VANBROYEL, JACOB VAN DER WAEYEN, PETRUS ALBERTUS VAN DER PARRA,JURGEN VAN DER SPAR, JOAN GIDEON LOTEN en JULIUS VALENTIJN STEUNVAN GOLLENESSE, BATAVIA 24 september 1751.Kol. Arch. 2660, VOC 2768, fol. 5-23.
12:p0096-0096	VIL JACOB MOSSEL, JOHANNES MATTHEUS CLUYSENAAR, AREND VANBROYEL, JACOB VAN DER WAEYEN, PETRUS ALBERTUS VAN DER PARRA,JURGEN VAN DER SPAR, JOAN GIDEON LOTEN, JULIUS VALENTIJN STEIJNVAN GOLLENESSE en PIETER VAN DE VELDE, BATAVIA 31 december 1751.Kol. Arch. 2661, VOC 2769, fol. 276-612.
12:p0180-0180	VIII. JACOB MOSSEL, JOHANNES MATTHEUS CLUYSENAAR, AREND VANBROYEL, JACOB VAN DER WAEYEN, PETRUS ALBERTUS VAN DER PARRA,JURGEN VAN DER SPAR, JOAN GIDEON LOTEN, JULIUS VALENTIJN STEIJNVAN GOLLENESSE en PIETER VAN DE VELDE, BATAVIA 31 december 1751.Kol. Arch. 2662, VOC 2770, fol. 726-742. 1
12:p0181-0181	IX. JACOB MOSSEL, JOHANNES MATTHEUS CLUYSENAAR, AREND VANBROYEL, JACOB VAN DER WAEYEN, PETRUS ALBERTUS VAN DER PARRA,JURGEN VAN DER SPAR, JOAN GIDEON LOTEN, JULIUS VALENTIJN STEIJNVAN GOLLENESSE en PIETER VAN DE VELDE, BATAVIA 18 januari 1752.Kol. Arch. 2662, VOC 2770, fol. 613-617.
12:p0183-0183	X. JACOB MOSSEL, JOHANNES MATTHEUS CLUYSENAAR, AREND VANBROYEL, JACOB VAN DER WAEYEN, PETRUS ALBERTUS VAN DER PARRA,JURGEN VAN DER SPAR, JULIUS VALENTIJN STEUN VAN GOLLENESSE en PIE-TER VAN DE VELDE, BATAVIA 31 maart 1752.Kol. Arch. 2662, VOC 2770, fol. 890-902.
12:p0186-0186	XI. JACOB MOSSEL, JOHANNES MATTHEUS CLUYSENAAR, JACOB VAN DERWAEYEN, PETRUS ALBERTUS VAN DER PARRA, JURGEN VAN DER SPAR,JOAN GIDEON LOTEN, JULIUS VALENTIJN STEIJN VAN GOLLENESSE, PIETERVAN DE VELDE, DITHARD VAN RHEEDE, ADRIAAN DE NIJS en HUIJBERT WIL¬LEM VAN BAZEL, BATAVIA 6 juni 1752.Kol. Arch. 2662, VOC 2770, fol. 931-940.
12:p0189-0189	XII. JACOB MOSSEL, JOHANNES MATTHEUS CLUYSENAAR, AREND VANBROYEL, JACOB VAN DER WAEYEN, PETRUS ALBERTUS VAN DER PARRA,JURGEN VAN DER SPAR, JULIUS VALENTIJN STEIJN VAN GOLLENESSE, PIE-TER VAN DE VELDE, DITHARD VAN RHEEDE, ADRIAAN DE NIJS en HUIJBERTWILLEM VAN BAZEL, BATAVIA 5 oktober 1752.Kol. Arch. 2682, VOC 2790, fol. 4-30.
12:p0196-0196	XIII. JACOB MOSSEL, JOHANNES MATTHEUS CLUYSENAAR, AREND VANBROYEL, JACOB VAN DER WAEYEN, PETRUS ALBERTUS VAN DER PARRA,JURGEN VAN DER SPAR, JULIUS VALENTIJN STEIJN VAN GOLLENESSE, PIE-TER VAN DE VELDE, DITHARD VAN RHEEDE, ADRIAAN DE NIJS en HUIJBERTWILLEM VAN BAZEL, BATAVIA 10 oktober 1752.Kol. Arch. 2682, VOC 2790, fol. 43-86.'
12:p0198-0198	XIV. JACOB MOSSEL, JOHANNES MATTHEUS CLUYSENAAR, AREND VANBROYEL, JACOB VAN DER WAEYEN, PETRUS ALBERTUS VAN DER PARRA,JURGEN VAN DER SPAR, JULIUS VALENTIJN STEIJN VAN GOLLENESSE, PIE-TER VAN DE VELDE, DITHARD VAN RHEEDE, ADRIAAN DE NIJS en HUIJBERTWILLEM VAN BAZEL, BATAVIA 30 december 1752.Kol. Arch. 2684, VOC 2792, fol. 443-771.
12:p0276-0276	XV. JACOB MOSSEL, JOHANNES MATTHEUS CLUYSENAAR, AREND VANBROYEL, JACOB VAN DER WAEYEN, PETRUS ALBERTUS VAN DER PARRA,JURGEN VAN DER SPAR, JULIUS VALENTIJN STEIJN VAN GOLLENESSE, PIE-TER VAN DE VELDE, DITHARD VAN RHEEDE, ADRIAAN DE NIJS en HUIJBERTWILLEM VAN BAZEL, BATAVIA 31 december 1752.Kol. Arch. 2685, VOC 2793, fol. 791-851.1
12:p0278-0278	XVI. JACOB MOSSEL, AREND VAN BROYEL, JACOB VAN DER WAEYEN,PETRUS ALBERTUS VAN DER PARRA, JURGEN VAN DER SPAR, JULIUSVALENTIJN STEIJN VAN GOLLENESSE, PIETER VAN DE VELDE, DITHARDVAN RHEEDE, ADRIAAN DE NIJS en HUIJBERT WILLEM VAN BAZEL, BATAVIA13 augustus 1753.Kol. Arch. 2699, VOC 2807, fol. 33-36.
12:p0278-0279	(Af gezien van de Torenvliet hebben de uitkomende schepen weinig doden gehad. Devolgende schepen zijn in Batavia gearriveerd:)
12:p0278-0280	Mossel XVI 13 augustus 1753Direct van Batavia:
12:p0281-0281	XVII. JACOB MOSSEL, AREND VAN BROYEL, JACOB VAN DER WAEYEN, JUR-GEN VAN DER SPAR, JULIUS VALENTIJN STEIJN VAN GOLLENESSE, PIETERVAN DE VELDE, DITHARD VAN RHEEDE, ADRIAAN DE NIJS en HUIJBERT WIL¬LEM VAN BAZEL, BATAVIA 1 oktober 1753.Kol. Arch. 2699, VOC 2807, fol. 5-32.
12:p0281-0287	Te Gale1 capitain1 lieutenant2 vaendrigs9 sergeants1 8 corporaels
12:p0281-0288	Op d’ onderhorige comptoiren6 sergeants, en |20 corporaels 1
12:p0281-0289	Te Malacca en verdre hieromher geleege plaetsen als
12:p0281-0293	XVIII. JACOB MOSSEL, JACOB VAN DER WAEYEN, PETRUS ALBERTUS VANDER PARRA, JURGEN VAN DER SPAR, JULIUS VALENTIJN STEIJN VAN GOL-LENESSE, PIETER VAN DE VELDE, DITHARD VAN RHEEDE, ADRIAAN DENIJS, HUIJBERT WILLEM VAN BAZEL en LIBRECHT HOOREMAN, BATAVIA31 december 1753.Kol. Arch. 2700, VOC 2808, fol. 324-714.
12:p0281-0334	Mossel XVIII 31 december 1753Fol. 48 1 v-482v.
12:p0281-0384	De navale magt is tans aanzienlijk genoeg door de spoedige en geluckige reysen welkede meeste scheepen gedaan hebben en zijn sedert 20e junij weder uyt Nederland
12:p0281-0392	XIX. JACOB MOSSEL, JACOB VAN DER WAEYEN, PETRUS ALBERTUS VANDER PARRA, JURGEN VAN DER SPAR, JULIUS VALENTIJN STEUN VAN GOL-LENESSE, PIETER VAN DE VELDE, DITHARD VAN RHEEDE, ADRIAAN DENIJS, HUIJBERT WILLEM VAN BAZEL en LIBRECHT HOOREMAN, BATAVIA31 december 1753.Kol. Arch. 2700, VOC 2808, fol. 730-733.
12:p0281-0394	XX. JACOB MOSSEL, JACOB VAN DER WAEYEN, PETRUS ALBERTUS VAN DERPARRA, JURGEN VAN DER SPAR, JULIUS VALENTIJN STEIJN VAN GOLLE-NESSE, PIETER VAN DE VELDE, DITHARD VAN RHEEDE, HUIJBERT WILLEMVAN BAZEL, LIBRECHT HOOREMAN, JOAN ANDREAS VAN HOHENDORF enJEREMIAS VAN RIEMSDIJK, BATAVIA 15 oktober 1754.Kol. Arch. 2718, VOC 2826, fol. 6-30.
12:p0281-0403	XXL JACOB MOSSEL, JACOB VAN DER WAEYEN, PETRUS ALBERTUS VANDER PARRA, JURGEN VAN DER SPAR, PIETER VAN DE VELDE, DITHARD VANRHEEDE, ADRIAAN DE NIJS, HUIJBERT WILLEM VAN BAZEL, LIBRECHTHOOREMAN, JOAN ANDREAS VAN HOHENDORF en JEREMIAS VANRIEMSDIJK, BATAVIA 31 december 1754.Kol. Arch. 2719, VOC 2827, fol. 450-756.
12:p0281-0417	Het aangebragte ’tsedert primo januarij tot heeden bestaat in ’t volgende:
12:p0281-0436	Malakka(Batavia kan niet berichten wat Malakka waarnaartoe verzonden en waarvandaanontvangen heeft omdat men nog geen ‘copij facturen ’ gekregen heeft. Volgens de briefvan 25 maart 1754 bedroeg de inkoop van koopwaar en benodigdheden in 1753ƒ 237.296, )
12:p0281-0437	Waarbij wij nog moeten voegen wat van deze hooftplaats na ginter vervoerd en watvandaar aangebragt is, te weten:
12:p0281-0479	Memorie van ’t geeyschte van Soeratta voor anno 1755 met aanwijsing van de inkoops¬prijsen en wat de goederen bij den jongsten verkoop in ’t patria gerendeert hebben, als:
12:p0281-0480	Eysch
12:p0281-0492	aansienlijk en d’ uytkomende scheepen sijn geluckig g’ arriveert, buyten ’t scheepje Prin-
12:p0281-0493	(De volgende schepen zijn af gedankt en verkocht:)
12:p0281-0499	XXII. JACOB MOSSEL, JACOB VAN DER WAEYEN, PETRUS ALBERTUS VANDER PARRA, JURGEN VAN DER SPAR, PIETER VAN DE VELDE, DITHARD VANRHEEDE, ADRIAAN DE NIJS, HUIJBERT WILLEM VAN BAZEL, LIBRECHTHOOREMAN, JOAN ANDREAS VAN HOHENDORF en JEREMIAS VANRIEMSDIJK, BATAVIA 31 december 1754.Kol. Arch. 2719, VOC 2827, fol. 784-799.'
12:p0281-0500	XXIII. JACOB MOSSEL, JACOB VAN DER WAEYEN, PETRUS ALBERTUS VANDER PARRA, JURGEN VAN DER SPAR, PIETER VAN DE VELDE, DITHARD VANRHEEDE, ADRIAAN DE NIJS, HUIJBERT WILLEM VAN BAZEL, LIBRECHTHOOREMAN en JEREMIAS VAN RIEMSDIJK, BATAVIA 15 januari 1755.Kol. Arch. 2719, VOC 2827, fol. 757-758. 1
12:p0281-0501	XXIV. JACOB MOSSEL, JACOB VAN DER WAEYEN, PETRUS ALBERTUS VANDER PARRA, JURGEN VAN DER SPAR, PIETER VAN DE VELDE, DITHARD VANRHEEDE, ADRIAAN DE NIJS, HUIJBERT WILLEM VAN BAZEL, LIBRECHTHOOREMAN, JOAN ANDREAS VAN HOHENDORF, JEREMIAS VAN RIEMSDIJK,JAN SCHREUDER en REYNIER DE KLERK, BATAVIA 15 oktober 1755.Kol. Arch. 2737, VOC 2845, fol. 13-33.
12:p0281-0509	XXV. JACOB MOSSEL, JACOB VAN DER WAEYEN, PETRUS ALBERTUS VANDER PARRA, JURGEN VAN DER SPAR, PIETER VAN DE VELDE, DITHARD VANRHEEDE, ADRIAAN DE NIJS, HUIJBERT WILLEM VAN BAZEL, LIBRECHTHOOREMAN, JOAN ANDREAS VAN HOHENDORF, JEREMIAS VAN RIEMSDIJK,JAN SCHREUDER en REYNIER DE KLERK, BATAVIA 31 december 1755.Kol. Arch. 2737, VOC 2845, fol. 224-227. 1
12:p0281-0510	XXVI. JACOB MOSSEL, JACOB VAN DER WAEYEN, PETRUS ALBERTUS VANDER PARRA, JURGEN VAN DER SPAR, PIETER VAN DE VELDE, DITHARD VANRHEEDE, ADRIAAN DE NIJS, HUIJBERT WILLEM VAN BAZEL, LIBRECHTHOOREMAN, JOAN ANDREAS VAN HOHENDORF, JEREMIAS VAN RIEMSDIJK,JAN SCHREUDER en REYNIER DE KLERK, BATAVIA 31 december 1755.Kol. Arch. 2738, VOC 2846, fol. 360-745.
12:p0281-0521	proprieert werden tot het recipieeren der inlandse grooten, welke beyde voorslagen wijgedefereert gelaaten hebben aan den g’eligeerden gouverneur Block.
12:p0281-0544	(Over wat in 1755 is ingekocht is Batavia ‘ en het kan ook niet wel anders wezen’ totnog toe gebrekkig geïnformeerd. Batavia heeft in 1755 naar Malakka verzonden)aan kopere duyten en penningen ƒ 5.040, -aan reeele koopmansz. ƒ 24.911, 7, -aan provisien en benodigtheden ƒ 39.315, 2, -te zamen adderende ƒ 69.266, 9, -
12:p0281-0559	1955 pakken lijwaten in soort ten bedragen van57 pees lijwaten22 pakken roggevellen308.180 lb. caliatourhout2330 pees vloersteenenaan diverse goederen
13:p0115-0115	XXXI. JACOB MOSSEL, JACOB VAN DER WAEYEN, PETRUS ALBERTUSVAN DER PARRA, JURGEN VAN DER SPAR, PIETER VAN DE VELDE,DITHARD VAN RHEEDE, HUIJBERT WILLEM VAN BAZEL, LIBRECHTHOOREMAN, JOAN ANDREAS VAN HOHENDORF, JEREMIAS VANRIEMSDIJK, REYNIER DE KLERK en JOAN GIDEON LOTEN, BATAVIA15 oktober 1757.Kol. Arch. 2781, VOC 2888, fol. 6-26.
13:p0122-0139	Daarenteegen hebben wij op den 6e augustus jongstleeden met ’t schip Crabbendijkena die residentie gezonden
13:p0217-0217	XXXIV. JACOB MOSSEL, JACOB VAN DER WAEYEN, PETRUS ALBERTUSVAN DER PARRA, JURGEN VAN DER SPAR, PIETER VAN DE VELDE,DITHARD VAN RHEEDE, HUIJBERT WILLEM VAN BAZEL, LIBRECHTHOOREMAN, JOAN ANDREAS VAN HOHENDORF, JEREMIAS VANRIEMSDIJK en REYNIER DE KLERK, BATAVIA 15 oktober 1758.Kol. Arch. 2803, VOC 2911, fol. 1-41.
13:p0231-0338	Op assignatien ter ontfang in Nederland hebben weesmeesteren
13:p0340-0340	XXXVI. JACOB MOSSEL, JACOB VAN DER WAEYEN, PETRUS ALBERTUSVAN DER PARRA, JURGEN VAN DER SPAR, PIETER VAN DE VELDE,DITHARD VAN RHEEDE, ADRIAAN DE NIJS, HUIJBERT WILLEM VANBAZEL, LIBRECHT HOOREMAN, JOAN ANDREAS VAN HOHENDORF,JEREMIAS VAN RIEMSDIJK en REYNIER DE KLERK, BATAVIA 30 april 1759.Kol. Arch. 2808, VOC 2916, fol. 1224-1240.
13:p0362-0362	XXXVIII. JACOB MOSSEL, JACOB VAN DER WAEYEN, PETRUS ALBERTUSVAN DER PARRA, JURGEN VAN DER SPAR, ADRIAAN DE NIJS, HUIJ-BERT WILLEM VAN BAZEL, LIBRECHT HOOREMAN, JOAN ANDREASVAN HOHENDORF, JEREMIAS VAN RIEMSDIJK, REYNIER DE KLERK enJAN ELI AS VAN MIJLENDONK, BATAVIA 31 december 1759.Kol. Arch. 2835, VOC 2943, fol. 1324-1959.
13:p0362-0397	Mossel XXXVIII 31 december 17591.500 ponden extraordinaire witte ƒ 1.029,4,-113.865 dito ordinaire witte ƒ 36.080, 2,-f 37.109, 6-Eenige kleenigheden in aanreekeningen ƒ 6.627, 3,-
13:p0362-0463	Bestaande in
13:p0483-0483	XL. JACOB MOSSEL, JACOB VAN DER WAEYEN, PETRUS ALBERTUS VANDER PARRA, JURGEN VAN DER SPAR, ADRIAAN DE NIJS, HUIJBERTWILLEM VAN BAZEL, LIBRECHT HOOREMAN, JOAN ANDREAS VANHOHENDORF, JEREMIAS VAN RIEMSDIJK, REYNIER DE KLERK en JANELI AS VAN MIJLENDONK, BATAVIA 15 oktober 1760.Kol. Arch. 2862, VOC 2970, fol. 8-76.
13:p0501-0501	XLI. JACOB MOSSEL, JACOB VAN DER WAEYEN, PETRUS ALBERTUS VANDER PARRA, JURGEN VAN DER SPAR, ADRIAAN DE NIJS, HUIJBERTWILLEM VAN BAZEL, LIBRECHT HOOREMAN, JEREMIAS VAN RIEMS¬DIJK, REYNIER DE KLERK en JAN ELIAS VAN MIJLENDONK, BATAVIA31 december 1760.Kol. Arch. 2863, VOC 2971, fol. 445-827.
13:p0501-0534	7600 lb geele aardeEn in aanreekening
13:p0501-0542	Aan koopmanschappen
13:p0501-0544	Waaronder op gemelde datum aan contanten en koopmansz. volgens ontfangen memo-rien bevonden sijnte Houglij aan contanten ƒ 1.560.425,1,8en aan coopmanschappen ƒ 353.095,7,- ƒ 1.913.520, 8,8
13:p0501-0602	en aan vragt voor twee kisten met goud en zilverropijen ƒ 1.638, 4,8Somma ƒ 442.520, 1,-
13:p0501-0604	Java’s OostkustHeeft in dit jaar uytgeleverd
13:p0501-0606	district van Indramajoe meer dan zevenentwintigduyzend menschen in ’t graf gesleept,behalven nog een veel grooter getal die in de landen der zulthans gestorven, dog waar¬van geen naauwkeurige lijsten ingekomen sijn. So eene aanmerkelijke verminderingvan inwooners moest ongetwijffeld de inzameling van producten grootelijks achteruit¬zetten. Het desen jaare aangebragte bestaat echter in
13:p0620-0620	XLII. JACOB MOSSEL, JACOB VAN DER WAEYEN, PETRUS ALBERTUSVAN DER PARRA, JURGEN VAN DER SPAR, ADRIAAN DE NIJS, HUIJ-BERT WILLEM VAN BAZEL, LIBRECHT HOOREMAN, JEREMIAS VANRIEMSDIJK, REYNIER DE KLERK en JAN ELIAS VAN MIJLENDONK,BATAVIA 29 april 1761.Kol. Arch. 2866, VOC 2974, fol. 1355-1373.
13:p0620-0628	Bengaalse lijwaatenvoor reekening van den oud Bengaals directeurAdriaan Bisdom versonden
13:p0620-0631	36 lb. ruuwe zeyde Cheribonse, ter preuve
13:p0620-0632	Uyt de arthillerije55 pees onbequame ijsere canons
