01:p0003a => I. PIETER BOTH, AAN BOORD VAN HET WAPEN VAN AMSTERDAM,  VOOR ILE DE MA ... 
01:p0003b => II. PIETER BOTH, AAN BOORD VAN HET WAPEN VAN AMSTERDAM,  LIGGENDE IN D ... 
01:p0003c => III. PIETER BOTH, AAN BOORD VAN HET WAPEN VAN AMSTERDAM,  TER REDE VAN ... 
01:p0004 => IV. PIETER BOTH, KASTEEL NASSAU OP BANDA 18 juli 1611.  
01:p0007 => V. PIETER BOTH, AAN BOORD VAN DE VERE, VOOR MALEYO1)  31 maart 1612.  
01:p0008 => VI. PIETER BOTH, EORT MAURITIUS NABIJ NGOFAKIAHA OP HET  EILAND MAKÉAN ... 
01:p0016a => VII. PIETER BOTH, FORT MAURITIUS NABIJ NGOFAKIAHA OP HET  EILAND MAKÉA ... 
01:p0016b => VIII. PIETER BOTH, FORT MAURITIUS NABIJ NGOFAKIAHA OP HET  EILAND MAKÉ ... 
01:p0017 => IX. PIETER BOTH, FORT MAURITIUS NABIJ NGOFAKIAHA OP HET  EILAND MAKÉAN ... 
01:p0018 => X. PIETER BOTH, ZONDER PLAATS EN DATUM.  
01:p0019 => XI. PIETER BOTH, FORT MAURITIUS NABIJ NGOFAKIAHA OP HET  EILAND MAKÉAN ... 
01:p0020a => XII. PIETER BOTH, FORT MAURITIUS NABIJ NGOFAKIAHA OP HET  EILAND MAKÉA ... 
01:p0020b => XIII. PIETER BOTH, FORT MAURITIUS NABIJ NGOFAKIAHA OP HET  EILAND MAKÉ ... 
01:p0020c => XIV. PIETER BOTH, ZONDER PLAATS EN DATUM  
01:p0021 => XV. PIETER BOTH, BANTAM 1 januari 1614 *).  
01:p0027a => XVI. PIETER BOTH, BANTAM 1 januari 1614.  
01:p0027b => XVII. PIETER BOTH, BANTAM 1 januari 1614.  
01:p0028 => XVIII. PIETER BOTH. BANTAM 10 november 1614.  
01:p0029 => XIX. PIETER BOTH, BANTAM 10 november 1614 *).  
01:p0033 => XX. PIETER BOTH, BANTAM 10 november 1614.  
01:p0037 => XXI. PIETER BOTH, BANTAM 10 november 1614.  
01:p0039 => XXII. PIETER BOTH, BANTAM 10 november 1614.  
01:p0043 => I. GERARD REYNST, BANTAM 11 november 1614.  
01:p0046 => II. GERARD REYNST, BANTAM 26 oktober 1615.  
01:p0056 => 11 a. BIJLAGE VAN II.  
01:p0063 => I. LAURENS REAEL, TERNATE 18 juli 1616.  
01:p0068 => II. LAURENS REAEL, TERNATE 22 september 1616.  
01:p0070 => III. LAURENS REAEL, BANDA 10 mei 1617.  
01:p0074 => IV. LAURENS REAEL, AMBOINA 2 juli 1617.  
01:p0076 => V. LAURENS REAEL, BANTAM 10 november 1617.  
01:p0077 => VI. LAURENS REAEL, BANTAM (17 december 1617?) *).  
01:p0080 => VII. LAURENS REAEL, BANTAM 17 december 1617.  
01:p0081 => VIII. LAURENS REAEL, JAKATRA 6 januari 1618.  
01:p0082 => IX. LAURENS REAEL, KASTEEL NASSAU OP BANDA-NEIRA 7 mei 161 8.  
01:p0085 => X. LAURENS REAEL, WAPEN VAN AMSTERDAM VOOR BANDANEIRA1)  11 juli 1618. ... 
01:p0087 => XI. LAURENS REAEL, KASTEEL MAURITIUS, NABIJ NGOFAKIAHA  OP MAKÉAN 20 a ... 
01:p0097a => I. JAN PIETERSZ. COEN, KASTEEL JAKATRA 5 augustus 1619.  
01:p0097b => II. JAN PIETERSZ. COEN, KASTEEL JAKATRA 7 oktober 1619.  
01:p0097c => III. JAN PIETERSZ. COEN, KASTEEL JAKATRA 15 oktober 1619.  
01:p0097d => IV. JAN PIETERSZ. COEN, PIETER DE CARPENTIER, JACOB DEDEL,  FREDERICK  ... 
01:p0097e => V. JAN PIETERSZ. COEN EN JACOB DEDEL, KASTEEL JAKATRA  29 januari 1620 ... 
01:p0097f => VI. JAN PIETERSZ. COEN, PIETER DE CARPENTIER, WILLEM JANSZ.  EN JACOB  ... 
01:p0097g => VII. JAN PIETERSZ. COEN, PIETER DE CARPENTIER, EN JACOB  DEDEL, KASTEE ... 
01:p0098a => VIII. JAN PIETERSZ. COEN, PIETER DE CARPENTIER, JACOB DEDEL  EN DR. MA ... 
01:p0098b => IX. JAN PIETERSZ. COEN, FREDERICK DE HOUTMAN, PIETER DE  CARPENTIER, E ... 
01:p0098c => X. JAN PIETERSZ. COEN, FREDERICK DE HOUTMAN, PIETER DE  CARPENTIER, JA ... 
01:p0099 => XI. FIETER DE CARPENTIER EN JACOB DEDEL, KASTEEL JAKATRA  8 maart 1621 ... 
01:p0105 => XII. JAN PIETERSZ. COEN EN DR. MARTINUS SONCK, SCHIP NIEUW  HOLLANDIA  ... 
01:p0106 => XIII. PIETER DE CARPENTIER, JACOB DEDEL, CORNELIS REYERSZ.  EN ABRAHAM ... 
01:p0118a => XIV. JAN PIETERSZ. COEN, PIETER DE CARPENTIER, JAN DIRCKSZ.  LAM EN WI ... 
01:p0118b => XV. JAN PIETERSZ. COEN, PIETER DE CARPENTIER EN WILLEM  VAN ANTZEN, BA ... 
01:p0118c => XVI. JAN PIETERSZ. COEN, PIETER DE CARPENTIER EN WILLEM  VAN ANTZEN, B ... 
01:p0118d => XVII. JAN PIETERSZ. COEN, PIETER DE CARPENTIER EN WILLEM  VAN ANTZEN,  ... 
01:p0118e => XIX. JAN PIETERSZ. COEN, PIETER DE CARPENTIER, WILLEM VAN  ANTZEN EN J ... 
01:p0118f => XVIII. JAN PIETERSZ. COEN, PIETER DE CARPENTIER EN WILLEM  VAN ANTZEN, ... 
01:p0121 => I. PIETER DE CARPENTIER, WILLEM JANSZ en JACQUES SPECX,  BATAVIA, 1 fe ... 
01:p0126 => II. PIETER DE CARPENTIER EN RADEN, BATAVIA 24 februari 1623.  
01:p0129 => III. PIETER DE CARPENTIER, EREDERICK DE HOUTMAN, JACOB  DEDEL, DR. MAR ... 
01:p0131 => IV PIETER DE CARPENTIER, FREDERICK DE HOUTMAN, JACOB  DEDEL, DR. MARTI ... 
01:p0148 => V. PIETER DE CARPENTIER, JACOB DEDEL, Dr. MARTINUS SONCK,  JACQUES SPE ... 
01:p0152 => VI. PIETER DE CARPENTIER, JACQUES SPECX, Dr. PIETER VLACK  EN ANTONIO  ... 
01:p0172 => VII. PIETER DE CARPENTIER EN RADEN, BATAVIA 13 augustus 1625.  
01:p0173 => VII a. PIETER DE CARPENTIER EN RADEN, BATAVIA 13 september  1625.  
01:p0174 => VIII. PIETER DE CARPENTIER, JACQUES SPECX, DR. PIETER  VLACK EN ANTONI ... 
01:p0184 => IX. PIETER DE CARPENTIER, JACQUES SPECX, DR. PIETER VLACK  EN ANTONIO  ... 
01:p0203 => X. PIETER DE CARPENTIER EN RADEN, BATAVIA 15 februari 1626.
01:p0204 => XI. PIETER DE CARPENTIER, JACQUES SPECX, DR. PIETER VLACK  EN ANTONIO  ... 
01:p0234 => XII. PIETER DE CARPENTIER, JACQUES SPECX, DR. PIETER VLACK,  ANTONIO V ... 
01:p0235 => XIII. PIETER DE CARPENTIER, WIJBRANT SCHRAM, JACQUES  SPECX, DR. PIETE ... 
01:p0239 => XIV. PIETER DE CARPENTIER EN RADEN, Batavia 2 februari 1627 *).  
01:p0240 => XV. PIETER DE CARPENTIER, Batavia 29 juli 1627 ').  
01:p0244a => I. JAN PIETERSZ. COEN, PIETER DE CARPENTIER, JACQUES SPECX,  PIETER VA ... 
01:p0244b => II. JAN PIETERSZ. COEN, PIETER VAN DUYNEN, ANTONIO VAN   DIEMEN EN JER ... 
01:p0244c => III. JAN PIETERSZ. COEN, PIETER VAN DUYNEN, ANTONIO VAN   DIEMEN EN JE ... 
01:p0244d => IV. JAN PIETERSZ. COEN, PIETER VAN DUYNEN, ANTONIO VAN   DIEMEN EN JER ... 
01:p0244e => V. JAN PIETERSZ. COEN, WILLEM JANSZ., JACQUES LEFEBVRE,  JAN VAN GORCO ... 
01:p0244f => VI. JAN PIETERSZ. COEN, DR. PIETER VLACK EN ANTONIO VAN  DIEMEN, Batav ... 
01:p0244g => VII. JAN PIETERSZ. COEN, DR. PIETER VLACK EN ANTONIO VAN  DIEMEN, Bata ... 
01:p0244h => VIII. JAN PIETERSZ. COEN, DR. PIETER VLACK EN ANTONIO VAN  DIEMEN, Bat ... 
01:p0247 => I. JACQUES SPECX, Dr. PIETER VLACK, ANTONIO VAN DIEMEN,  PIETER NUYTS  ... 
01:p0279 => II. JACQUES SPECX, DR. PIETER VLACK, ANTONIO VAN DIEMEN  EN JAN VAN DE ... 
01:p0302 => III. ANTONIO VAN DIEMEN, IN HET SCHIP DEVENTER NABIJ DE  ZUIDPUNT VAN  ... 
01:p0303 => IV. JACQUES SPECX, DR. PIETER VLACK, JAN VAN DER BURCH EN  ARENT GARDE ... 
01:p0331 => I. HENRICK BROUWER, DR. PIETER VLACK EN JAN VAN DER  BURCH, Batavia 1  ... 
01:p0366 => II. HENRICK BROUWER, DR. PIETER VLACK, MAERTEN YSBRANTSZ  EN JAN VAN D ... 
01:p0369 => III. HENRICK BROUWER, DR. PIETER VLACK, MAERTEN YSBRANTSZ.  EN JAN VAN ... 
01:p0373 => IV. HENRICK BROUWER, ANTONIO VAN DIEMEN, DR. PIETER  VLACK, PHILIPS LU ... 
01:p0393 => V. HENRICK BROUWER, ANTONIO VAN DIEMEN, DR. PIETER VLACK,  JAN VAN DER ... 
01:p0433 => VI. HENRICK BROUWER, AAN BOORD VAN DE WESEL IN STRAAT  SUNDA 25 decemb ... 
01:p0435 => VIL HENRICK BROUWER, ANTONIO VAN DIEMEN, Dr. PIETER  VLACK EN JAN VAN  ... 
01:p0437 => VIII. HENRICK BROUWER, ANTONIO VAN DIEMEN, DR. PIETER  VLACK EN JAN VA ... 
01:p0438 => IX. HENRICK BROUWER, ANTONIO VAN DIEMEN, DR. PIETER  VLACK EN JAN VAN  ... 
01:p0453 => X. HENRICK BROUWER, ANTONIO VAN DIEMEN, JAN VAN DER  BURCH EN JAN VAN  ... 
01:p0482 => XI. HENRICK BROUWER, AAN BOORD VAN DE UTRECHT NABIJ DE  VLAKKE HOEK 8  ... 
01:p0491 => XII. HENRICK BROUWER, ANTONIO VAN DIEMEN EN JAN VAN DER  BURCH, BATAVI ... 
01:p0507 => XIII. HENRICK BROUWER, ANTONIO VAN DIEMEN, PHILIPS LUCASZ.,  MAERTEN I ... 
01:p0553 => I. ANTONIO VAN DIEMEN, PHILIPS LUCASZ., ARTUS GIJSELS EN  JAN VAN DER  ... 
01:p0554 => II. ANTONIO VAN DIEMEN, PHILIPS LUCASZ., ARTUS GIJSELS, HANS  PUTMANS, ... 
01:p0596 => III. ANTONIO VAN DIEMEN, PHILIPS LUCASZ., ARTUS GIJSELS EN  ANTONIO CA ... 
01:p0658 => IV. ANTONIO VAN DIEMEN, PHILIPS LUCASZ. EN ANTONIO CAEN,  BATAVIA 26 d ... 
01:p0663 => V. ANTONIO VAN DIEMEN, PHILIPS LUCASZ., CAREL RENIERS (EN  DE GEASSUME ... 
01:p0734 => VI. ANTONIO VAN DIEMEN, PHILIPS LUCASZ, CAREL RENIERS (EN DE GEASSUMEE ... 
02:p0001 => VIL ANTONIO VAN DIEMEN, PHILIPS LUCASZ., CAREL RENIERS,  ABRAHAM WELSI ... 
02:p0007 => VIII. ANTONIO VAN DIEMEN, ANTHONIO CAEN EN CORNELIS VAN  DER LIJN, BAT ... 
02:p0090 => IX. ANTONIO VAX DIEMEN, ANTHONIO CAEN EN CORNELIS VAN  DER LIJN, BATAV ... 
02:p0099 => X. ANTONIO VAX DIEMEN, ANTHONIO CAEN EN CORNELIS VAN  DER LIJN, BATAVI ... 
02:p0101 => XI. ANTONIO VAN DIEMEN EN CORNELIS VAN DER LIJN, BATAVIA  9 september  ... 
02:p0109 => XII. ANTONIO VAX DIEMEN, CORNELIS VAN DER LIJN EN JOHAN  VAN TWIST, BA ... 
02:p0128 => XIII. ANTONIO VAN DIEMEN EN CORNELIS VAN DER LIJN, BATAVIA  8 januari  ... 
02:p0135 => XIV. ANTONIO VAN DIEMEN EN CORNELIS VAN DER LIJN, BATAVIA  31 januari  ... 
02:p0137 => XV. ANTONIO VAX DIEMEN, CORNELIS VAN DER LIJN, JOAN  MAETSUYCKER, FRAN ... 
02:p0138 => XVI. ANTONIO VAX DIEMEN, CORNELIS VAN DER LIJN, JOANMAETSUYCKER, FRANQ ... 
02:p0139 => XVII. ANTONIO VAN DIEMEN, CORNELIS VAN DER LIJN, JOAN  MAETSUYCKER, FR ... 
02:p0155 => XVIII. ANTONIO VAX DIEMEN, ANTHONIO CAEN, CORNELIS VAN  DER LIJN, JOAN ... 
02:p0186 => XIX. ANTONIO VAX DIEMEN, ANTHONIO CAEN, CORNELIS VAN  DER LIJN, JOAN M ... 
02:p0190 => XX. ANTONIO VAX DIEMEN, CORNELIS VAN DER LIJN, JOAN  MAETSUYCKER, JUST ... 
02:p0194 => XXI. ANTONIO VAN DIEMEN, CORNELIS VAN DER LIJN, JOAN  MAETSUYCKER, JUS ... 
02:p0195 => XXII. ANTONIO VAN DIEMEN, CORNELIS VAN DER LIJN, JOAN  MAETSUYCKER, JU ... 
02:p0199 => XXIII. ANTONIO VAN DIEMEN, CORNELIS VAN DER LIJN, JOAN  MAETSUYCKER, J ... 
02:p0200 => XXIV. ANTONIO VAN DIEMEN, ANTHONIO CAEN, CORNELIS VAN  DER LIJN, JOAN  ... 
02:p0223 => XXV. ANTONIO VAX DIEMEN, CORNELIS VAN DER LIJN, JOAN  MAETSUYCKER, JUS ... 
02:p0230 => XXVI. ANTONIO VAX DIEMEN, CORNELIS VAN DER LIJN, JOAN  MAETSUYCKER, JU ... 
02:p0231 => XXVII. ANTONIO VAN DIEMEN, CORNELIS VAN DER LIJN, JOAN  MAETSUY CKER,  ... 
02:p0232 => XXVIII. ANTONIO VAN DIEMEN, CORNELIS VAN DER LIJN, SALOMON  SWEERS, PA ... 
02:p0256 => XXIX. ANTONIO VAN DIEMEN, CORNELIS VAN DER LIJN, SALOMON  SWEERS EN SI ... 
02:p0262 => XXX. ANTONIO VAN DIEMEN, CORNELIS VAN DER LIJN, SALOMON  SWEERS EN SIM ... 
02:p0267 => I. CORNELIS VAN DER LIJN1), JOAN MAETSUYKER2) EN SIMON  VAN ALPHEN, BA ... 
02:p0273 => II. CORNELIS VAN DER LETN, JOAN MAETSUYKER, CAREL RENIERS  EN SIMON VA ... 
02:p0278 => III. CORNELIS VAN DER LIJN, JOAN MAETSIJYKER, CAREL RENIERS  EN SIMON  ... 
02:p0283 => IV. CORNELIS VAN DER LIJN <super>1)</super>, FRANgOIS CARON, CAREL REN ... 
02:p0296 => V. CORNELIS VAN DER LIJN, ERANgOIS CARON, CAREL RENIERS,  ANTHONIO CAE ... 
02:p0306 => VI. CORNELIS VAN DER LIJN, FRANgOIS CARON, CAREL RENIERS,  ANTHONIO CA ... 
02:p0311 => VII. CORNELIS VAN DER LIJN, FRANgOIS CARON, CAREL RENIERS,  ANTHONIO C ... 
02:p0332 => VIII. CORNELIS VAN DER LIJN, FRANQOIS CARON, CAREL RENIERS,  JOCHEM RO ... 
02:p0366 => IX. CORNELIS VAN DER LIJN, ERANQOIS CARON, CAREL RENIERS,  JOCHEM ROEL ... 
02:p0370 => X. CORNELIS VAN DER LIJN, FRANQOIS CARON, CAREL RENIERS,  GERARD DEMME ... 
02:p0400 => XI. CORNELIS VAX DER LIJN, FRANQOIS CARON, CAREL RENIERS,  GERARD DEMM ... 
02:p0403 => I. CAKEL RENIERS, JOAN MAETSUYKER, GERARD DEMMER, JOAN  CUNAEUS, ARNOL ... 
02:p0445 => II. CAREL RENIERS, JOAN MAETSUYKER, GERARD DEMMER, JOAN  CUNAEUS, WILH ... 
02:p0476 => III. CAREL RENIERS, JOAN MAETSUYKER, GERARD DEMMER,  JOAN CUNAEUS, WIL ... 
02:p0480 => IV. CAREL RENIERS, JOAN MAETSUYKER, GERARD DEMMER,  CAREL HARTSINCK, A ... 
02:p0555 => V. CAREL RENIERS, JOAN MAETSUYKER, GERARD DEMMER,  CAREL HARTSINCK, AE ... 
02:p0583 => VI. CAREL RENIERS, JOAN MAETSUYKER, GERARD DEMMER,  CAREL HARTZINCK, A ... 
02:p0585 => VII. CAREL RENIERS, JOAN MAETSUYKER, CAREL HARTZINCK,  JOAN CUNAEUS, C ... 
02:p0640 => VIII. CAREL RENIERS <super>1)</super>, JOAN MAETSUYKER, CAREL HARTZINC ... 
02:p0668 => IX. JOAN MAETSUYKER, CAREL HARTZINCK, JOAN CUNAEUS,  CORNELIS CAESAR,  ... 
02:p0673 => I. JOAN MAETSUYKER, CAREL HARTZINCK, NICOLAES VERBURCH,  DIRCK JANSZ.  ... 
02:p0739 => II. JOAN MAETSUYKER, CAREL HARTZINCK, JOAN CUNAEUS,  NICOLAES VERBURCH ... 
02:p0746 => III. JOAN MAETSUYKER, GERARD HULFT, CAREL HARTZINCK,  JOAN CUNAEUS, AR ... 
02:p0770 => IV. JOAN MAETSUYKER. GEKARD HULFT, GABEL HARTZINCK,  JOAN CUNAEUS, NIC ... 
02:p0820 => V. JOAN MAETSUYKER, GERARjD HULET, CAREL HARTZINCK, JOAN  CUNAEUS, NIC ... 
02:p0821 => VI. JOAN MAETSUYKER, GERARD HULFT, CAREL HARTZINCK,  JOAN CUNAEUS, NIC ... 
03:p0001 => VII. JOAN MAETSUYKER, GEKARD HULFT, CAREL HARTZINCK,  JOAN CUNAEUS, NI ... 
03:p0004 => VIII. JOAN MAETSUYKER, CAREL HARTZINCK, JOAN CUNAEUS,  NICOLAES VERBUR ... 
03:p0047 => IX. JOAN MAETSUYKER, CAREL HARTZINCK, JOAN CUNAEUS,  NICOLAES VERBURCH ... 
03:p0079 => X. JOAN MAETSUYKER, CAREL HARTZINCK, JOAN CUNAEUS, NICOLAES  VERBURCH  ... 
03:p0083 => XI. JOAN MAETSUYKER, CAREL HARTZINCK, JOAN CUNAEUS,  NICOLAES VERBURCH ... 
03:p0085 => XII. JOAN MAETSUYKER, CAREL HARTZINCK, JOAN CUNAEUS,  ARNOLD DE VLAMIN ... 
03:p0108 => XIII. JOAN MAETSUYKER, CAREL HARTZINCK, JOAN CUNAEUS,  ARNOLD DE VLAMI ... 
03:p0147 => XIV. JOAN MAETSUYKER, CAREL HARTZINCK, JOAN CUNAEUS,  ARNOLD DE VLAMIN ... 
03:p0192 => XV. JOAN MAETSUYKER, CAREL HARTZINCK, ARNOLD DE VLAMING  VAN OUDTSHOOR ... 
03:p0209 => XVI. JOAN MAETSUYKER, CAREL HARTZINCK, ARNOLD DE VLAMING  VAN OUDTSHOO ... 
03:p0210 => XVII. JOAJST MAETSUYKER, CAREL HARTSINCK '), ARNOLD DE  VLAMING VAN OU ... 
03:p0247 => XVIII. JOAN MAETSUYKER, CAREL HARTSINCK, ARNOLD DE VLAMING  VAN OUDTSH ... 
03:p0292 => XIX. JOAN MAETSUYKER, CAREL HARTSINCK. ARNOLD DE VLAMENG  VAN OUDTSHOO ... 
03:p0314 => XX. JOAN MAETSUYKER, CAREL HARTSINCK, ARNOLD DE VLAMING  VAN OUDTSHOOR ... 
03:p0354 => XXI. JOAN MAETSUYKER, CAREL HARTSINCK, AERNOUT DE VLAM1NG  VAN OUDTSHO ... 
03:p0371 => XXII. JOAN MAETSUYKER, CAREL HARTSINCK, AERNOUT DEVLAMING VAN OUDTSHOO ... 
03:p0372 => XXIII. JOAN MAETSUYKER, CAREL HARTSINCK, AERNOUT DE  VLAMING VAN OUDTS ... 
03:p0375 => XXIV. JOAN MAETSUYKER, CAREL HARTSINCK, ARNOLD DE  VLAMING VAN OUDTSHO ... 
03:p0383 => XXV. JOAN MAETSUYKER, CAREL HARTSINCK, NICOLAES VERBURCH  EN DIRCK JAN ... 
03:p0393 => XXVI. JOAN MAETSUYKER, CAREL HARTSINCK, NICOLAES VERBURCH  EN DIRCK JA ... 
03:p0403 => XXVII. JOAN MAETSUYKER, CAREL HARTSINCK, NICOLAES VERBURCH,  DIRCK JAN ... 
03:p0452 => XXVIII. JOAN MAETSUYKER, CAREL HARTS1NCK, NICOLAES VERBURCH,  DIRCK JA ... 
03:p0453 => XXIX. JOAN MAETSUYKER, CAREL HARTSINCK, NICOLAES VERBURCH,  DIRCK JANS ... 
03:p0462 => XXX. JOAN MAETSUYKER, CAREL HARTSINCK, NICOLAES VERBURCH,  LAURENS PIT ... 
03:p0466 => XXXI. JOAN MAETSUYKER, CAREL HARTSINCK, NICOLAES VERBURCH,  RYCKLOFF V ... 
03:p0468 => XXXII. JOAN MAETSUYKER, CAREL HARTSINCK, NICOLAES VERBURCH,  LAURENS P ... 
03:p0474 => XXXIII. JOAN MAETSUYKER, CAREL HARTSINCK, NICOLAES VERBURCH,  LAURENS  ... 
03:p0483 => XXXIV. JOAN MAETSUYKER, CAREL HARTSINCK, NICOLAES VERBURCH,  LAURENS P ... 
03:p0484 => XXXV. JOAN MAETSUYKER, CAREL HARTSINCK, NICOLAES VERBURCH,  LAURENS PI ... 
03:p0525 => XXXVI. JOAN MAETSUYKER, CAREL HARTSINCK, NICOLAES VERBURCH,  LAURENS P ... 
03:p0581 => XXXVII. JOAN MAETSUYKER, NICOLAES VERBURCH, LAURENS  PIT, PIETER OVERT ... 
03:p0601 => XXXVIII. JOAN MAETSUYKER, NICOLAES VERBURCH, LAURENS  PIT, PIETER OVER ... 
03:p0613 => XXXIX. JOAN MAETSUYKER, NICOLAES VERBURCH, LAURENS  PIT, PIETER OVERTW ... 
03:p0617 => XL. JOAN MAETSUYKER, NICOLAES VERBURCH, LAURENS PIT,  PIETER OVERTWATE ... 
03:p0618 => XLI. JOAN MAETSUYKER, NICOLAES VERBURCH, LAURENS PIT,  PIETER OVERTWAT ... 
03:p0641 => XLII. JOAN MAETSUYKER, NICOLAES VERBURCH, LAURENS PIT,  PIETER OVERTWA ... 
03:p0653 => XLIII. JOAN MAETSUYKER, NICOLAES VERBURCH, LAURENS PIT,  PIETER OVERTW ... 
03:p0655 => XLIV. JOAN MAETSUYKER, NICOLAES VERBURCH, LAURENS PIT,  PIETER OVERTWA ... 
03:p0664 => XLV. JOAN MAETSUYKER, NICOLAES VERBURCH, LAURENS PIT,  PIETER OVERTWAT ... 
03:p0670 => XL VI. JOAN MAETSUYKER, NICOLAES VERBURCH, LAURENS PIT,  PIETER OVERTW ... 
03:p0674 => XL VII. JOAN MAETSUYKER, NICOLAES VERBURCH, LAURENS PIT,PIETER OVERTWA ... 
03:p0675 => XLVIII. JOAN MAETSUYKER, NICOLAES VERBURCH, LAURENS PIT,PIETER OVERTWA ... 
03:p0676 => XLIX. JOAN MAETSUYKER, NICOLAES VERBURCH, LAURENS PIT,  PIETER OVERTWA ... 
03:p0709 => L. JOAN MAETSUYKER, NICOLAES VERBURCH, LAURENS PIT,  PIETER OVERTWATER ... 
03:p0710 => LI. JOAN MAETSUYKER, NICOLAES VERBURCH, LAURENS PIT,  P1ETER OVERTWATE ... 
03:p0722 => LIL JOAN MAETSUYKER, NICOLAES VERBURCH, LAURENS PIT,  PIETER OVERTWATE ... 
03:p0738 => LUI. JOAN MAETSUYKER, NICOLAES VERBURCH, LAURENS PIT,  PIETER OVERTWAT ... 
03:p0739 => LIV. JOAN MAETSUYKER, NICOLAES VERBURCH, LAURENS PIT,  PIETER OVERTWAT ... 
03:p0748 => LV. JOAN MAETSUYKER, NICOLAES VERBURCH, LAURENS PIT,  PIETER OVERTWATE ... 
03:p0750 => LVT. JOAN MAETSUYKER, NICOLAES VERBURCH, LAURENS PIT,  PIETER OVERTWAT ... 
03:p0779 => LVII. JOAN MAETSUYKER, NICOLAES VERBURCH, LAURENS PIT,  PIETER OVERTWA ... 
03:p0813 => LVIII. JOAN MAETSUYKER, NICOLAES VERBURCH, LAURENS PIT,  PIETER OVERTW ... 
03:p0814 => LIX. JOAN MAETSU YKER , NICOLAES VERBURCH, LAURENS PIT,  P1ETER OVERTW ... 
03:p0815 => LX. JOAN MAETSUYKER, NICOLAES VERBURCH, LAURENS PIT,  PIETER OVERTWATE ... 
03:p0821 => LXI. JOAN MAETSUYKER, NICOLAES VERBURCH, LAURENS PIT,  PIETER OVERTWAT ... 
03:p0822 => LXII. JOAN MAETSUYKER, NICOLAES VERBURCH, LAURENS PIT,  PIETER OVERTWA ... 
03:p0823 => LXIII. JOAN MAETSUYKER, NICOLAES VERBURCH, LAURENS PIT,  PIETER OVERTW ... 
03:p0834 => LXIV. JOAN MAETSUYKER, NICOLAES VERBURCH, LAURENS PIT,  PIETER OVERTWA ... 
03:p0835 => LXV. JOAN MAETSUYKER, NICOLAES VERBURCH, LAURENS PIT,  PIETER OVERTWAT ... 
03:p0877 => LX VI. JOAN MAETSUYKER, NICOLAES VERBURCH, LAURENS PIT,  PIETER OVERTW ... 
03:p0893 => LXVII. JOAN MAETSUYKER, NICOLAES VERBURCH, LAURENS PIT,  PIETER OVERTW ... 
03:p0894 => LXVIII. JOAN MAETSUYKER, NICOLAES VERBURCH, LAURENS  PIT, PIETER OVERT ... 
03:p0918 => LXIX. JOAN MAETSUYKER, NICOLAES VERBURCH, LAURENS PIT,  PIETER OVERTWA ... 
03:p0919 => LXX. JOAN MAETSUYKER, NICOLAES VERBURCH, LAURENS PIT,  PIETER OVERTWAT ... 
03:p0924 => LXXI. JOAN MAETSUYKER, NICOLAES VERBURCH, LAURENS PIT,  PIETER OVERTWA ... 
04:p0001 => LXXII. JOAN MAETSUYKER, NICOLAES VERBURCH, LAURENS PIT,  PI ETER OVERT ... 
04:p0021 => LXXIII. JOAN MAETSUYKER, NICOLAES VERBURCH, LAURENS  PIT, PIETER OVERT ... 
04:p0038 => LXXIV. JOAN MAETSUYKER, NICOLAES VERBURCH, RYCKLOFF  VAN GOENS, LAUREN ... 
04:p0042 => LXXV. JOAN MAETSUYKER, NICOLAES VERBURCH, RYCKLOFFVAN GOENS, LAURENS P ... 
04:p0043 => LXXVI. JOAN MAETSUYKER. NICOLAES VERBURCH, RYCKLOFF  VAN GOENS, LAUREN ... 
04:p0083 => LXXVII. JOAN MAETSUYKER, RYCKLOFF VAN GOENS, LAURENS  PIT, PIETER OVER ... 
04:p0100 => LXXVIII. JOAN MAETSUYKER, RYCKLOFF VAK GOENS, LAURENS  PIT, PIETER OVE ... 
04:p0101 => LXXIX. JOAN MAETSUYKER, RYCKLOFF VAN GOENS, LAURENS  PIT, PIETER OVERT ... 
04:p0125 => LXXX. JOAN MAETSUYKER, RIJCKLOFF VAN GOENS, LAURENS  PIT, PIETER OVERT ... 
04:p0156 => LXXXI. JOAN MAETSUYKER, RIJCKLOFF VAN GOENS, LAURENS  PIT, PIETER OVER ... 
04:p0171 => LXXXII. JOAN MAETSUYKER, RYCKLOFF VAN GOENS, LAURENS  PIT, PIETER OVER ... 
04:p0183 => LXXXIII. JOAN MAETSUYKER, RYCKLOFF VAN GOENS, LAURENS  PIT, PIETER OVE ... 
04:p0217 => I RIJCKLOFF VAN GOENS, LAURENS PIT, PIETER OVERTWATER,  PIETER VAN HOO ... 
04:p0218 => II RIJCKLOFF VAN GOENS, LAURENS PIT, PIETER OVERTWATER,  PIETER VAN HO ... 
04:p0238 => III. RYCKLOFF VAN GOENS, CORNELIS SPEELMAN, WILLEM VAN  OUTHOORN, JOAN ... 
04:p0239 => IV. RYCKLOFF VAN GOENS, CORNELIS SPEELMAN, WILLEM VAN  OUTHOORN, JOANN ... 
04:p0241 => V. RYCKLOFF VAN GOENS, CORNELIS SPEELMAN, BALTHASAR  BORT, WILLEM VAN  ... 
04:p0242 => VI. RYCKLOFF VAN GOENS, CORNELIS SPEELMAN, BALTHASAR  BORT, WILLEM VAN ... 
04:p0262 => VII. RYCKLOFF VAN GOENS, CORNELIS SPEELMAN, BALTHASAR  BORT, WILLEM VA ... 
04:p0309 => VIII. RYCKLOFF VAN GOENS, CORNELIS SPEELMAN, BALTHASAR  BORT, WILLEM V ... 
04:p0311 => IX. RIJCKLOFF VAN GOENS, CORNELIS SPEELMAN, BALTHASAR  BORT, ANTHONIO  ... 
04:p0312 => X. RIJCKLOFF VAN GOENS, CORNELIS SPEELMAN, BALTHASAR  BORT, ANTHONIO H ... 
04:p0318 => XI. RIJCKLOFF VAN GOENS, CORNELIS SPEELMAN, BALTHASAR  BORT, ANTHONIO  ... 
04:p0372 => XII. RYCKLOFF VAN GOENS, CORNELIS SPEELMAN, BALTHASAR  BORT, ANTHONIO  ... 
04:p0373 => XIII. RYCKLOFF VAN GOENS, CORNELIS SPEELMAN, BALTHASAR  BORT, ANTHONIO ... 
04:p0405 => XIV. [RYCKLOFF VAN GOENS, CORNELIS SPEELMAN, BALTHASAR  BORT,] ANTHONI ... 
04:p0416 => XV. RYCKLOFF VAN GOENS, CORNELIS SPEELMAN, BALTHASAR  BORT, ANTHONIO H ... 
04:p0423 => XVI. RYCKLOFF VAN GOENS, CORNELIS SPEELMAN, BALTHASAR  BORT, ANTHONIO  ... 
04:p0426 => XVII. RYCKLOFF VAN GOENS, CORNELIS SPEELMAN, BALTHASAR  BORT, ANTHONIO ... 
04:p0429 => XVIII. RIJCKLOFF VAN GOENS, CORNELIS SPEELMAN, BALTHASAR  BORT, ANTHON ... 
04:p0477 => XIX. RIJCKLOFF VAN GOENS, CORNELIS SPEELMAN, BALTHASAR  BORT, ANTHONIO ... 
04:p0480 => XX. RYCKLOFF VAN GOENS, CORNELIS SPEELMAN, BALTHASAR  BORT, ANTHONIO H ... 
04:p0481 => XXI. RYCKLOFF VAX GOENS, CORNELIS SPEELMAN, BALTHASAR  BORT, ANTHONIO  ... 
04:p0485 => I. CORNELIS SPEELMAN, BALTHASAR BORT, ANTHONIO HURDT,  WILLEM VAN OUTH ... 
04:p0487 => II. CORNELIS SPEELMAN, BALTHASAR BORT, ANTHONIO HURDT,  WILLEM VAN OUT ... 
04:p0491 => III. CORNELIS SPEELMAN, BALTHASAR BORT, ANTHONIO HURDT,  WILLEM VAN OU ... 
04:p0492 => IV. CORNELIS SPEELMAN, BALTHASAR BORT, ANTHONIO HURDT,  WILLEM VAN OUT ... 
04:p0493 => V. CORNELIS SPEELMAN, BALTHASAR BORT, ANTHONIO HURDT,  WILLEM VAN OUTH ... 
04:p0495 => VI. GOUVERNEUR-GENERAAL EN RADEN, BATAVIA 12 nov. 1682. *)  
04:p0496 => VII. CORNELIS SPEELMAN, BALTHASAR BORT, ANTHONIO HURDT,  WILLEM VAN OU ... 
04:p0498 => VIII. CORNELIS SPEELMAN, BALTHASAR BORT, ANTHONIO HURDT,  WILLEM VAN O ... 
04:p0598 => VIIIA. ANTHONIO HURDT, JOANNES CAMPHUYS, MAKTEN PIT, NICOLAAS  SCHAGHE ... 
04:p0600 => IX. CORNELIS SPEELMAN, BALTHASAR BORT, ANTHONIO HURDT,  WILLEM VAN OUT ... 
04:p0647 => IXA. ANTHONIO HURDT, JOANNES CAMPHUYS, MARTEN PIT, NICOLAAS  SCHAGHEN  ... 
04:p0651 => I. JOANNES CAMPHUYS, ANTHONIO HURDT, WILLEM VAN OUTHOORN,  MARTEN PIT, ... 
04:p0679 => II. JOANNES CAMPHUYS, ANTHONIO HURDT, WILLEM VAN OUTHOORN,  MARTEN PIT ... 
04:p0680 => III. JOANNES CAMPHUYS, ANTHONIO HURDT, WILLEM VAN OUTHOORN,  MARTEN PI ... 
04:p0707 => IV. JOANNES CAMPHUYS, ANTHONIO HURDT, WILLEM VAN OUTHOORN,  MARTEN PIT ... 
04:p0753 => V. JOANNES CAMPHUYS, ANTHONIO HURDT, WILLEM VAN OUTHOORN,  MARTEN PIT, ... 
04:p0780 => VI. JOANNES CAMPHUYS, ANTHONIO HURDT, WILLEM VAN OUTHOORN,  MARTEN PIT ... 
04:p0782 => VII. JOANNES CAMPHUYS, ANTHONIO HURDT, WILLEM VAN OUT  HOORN, MARTEN P ... 
04:p0791 => VIII. JOANNES CAMPHUYS, ANTHONIO HURDT, WILLEM VAN  OUTHOORN, RIJCKLOF ... 
05:p0001 => IX. JOANNES CAMPHUYS, ANTHONIO HURDT, WILLEM VAN OUTHOORN,  RIJCKLOFF  ... 
05:p0007 => X. JOANNES CAMPHUYS, ANTHONIO HURDT, WILLEM VAN OUTHOORN,  RIJCKLOFF V ... 
05:p0024 => XI. JOANNES CAMPHUYS, ANTHONIO HURDT, WILLEM VAN OUTHOORN,  MARTEN PIT ... 
05:p0077 => XII. JOANNES CAMPHUYS, ANTHONIO HURDT, WILLEM VAN OUTHOORN,  MARTEN PI ... 
05:p0099 => XIII. JOANNES CAMPHUYS, ANTHONIO HURDT, WILLEM VAN OUTHOORN,  MARTEN P ... 
05:p0159 => XIV. JOANNES CAMPHUYS, ANTHONIO HURDT, WILLEM VAN OUTHOORN,  MARTEN PI ... 
05:p0162 => XV. JOANNES CAMPHUYS, ANTHONTO HURDT, WILLEM VAN OUTHOORN,  MARTEN PIT ... 
05:p0195 => XVI. JOHANNES CAMPHUYS, WILLEM VAN OUTHOORN, MAKTEN  PIT, JACOB PITS,  ... 
05:p0260 => XVII. JOANNES CAMPHUYS, WILLEM VAN OUTHOORN, MARTEN  PIT, JOAN VAN HOO ... 
05:p0284 => XVIII. JOANNES CAMPHUYS, WILLEM VAN OUTHOORN, MAKTEN  PIT, JOAN VAN HO ... 
05:p0295 => XIX. JOANNES CAMPHUYS, WILLEM VAN OUTHOORN, MARTEN PIT,  JOAN VAN HOOR ... 
05:p0296 => XX. JOANNES CAMPHUYS, WILLEM VAN OUTHOORN, MAKTEN PIT,  JOAN VAN HOORN ... 
05:p0351 => XXI. JOANNES CAMPHUYS, WILLEM VAN OUTHOORN, MARTEN  PIT, JOAN VAN HOOR ... 
05:p0376 => XXII. JOANNES CAMPHUYS, WILLEM VAN OUTHOORN, JOAN VAN  HOORN, ISAAC DE ... 
05:p0388 => XXm. JOANNES CAMPHUYS, WILLEM VAN OUTHOORN, JOAN VAN  HOORN, WOUTER VA ... 
05:p0434 => XXIV. JOANNES CAMPHUYS, WILLEM VAN OUTHOORN, JOAN VAN  HOORN, WOUTER V ... 
05:p0439 => I. WILLEM VAN OUTHOORN, JOAN VAN HOORN, ISAAC DE SAINTMARTIN,  DIRK DE ... 
05:p0493 => II. WILLEM VAN OUTHOORN, JOAN VAN HOORN, LAURENS PIJL,  ISAAC DE SAINT ... 
05:p0507 => III. WILLEM VAN OUTHOORN, JOAN VAN HOORN, LAURENS PIJL,  DIRK DE HAAS, ... 
05:p0508 => IV. WILLEM VAN OUTHOORN, JOAN VAN HOORN, LAURENS PIJL,  ISAAC DE SAINT ... 
05:p0567 => V. WILLEM VAN OUTHOORN, JOAN VAN HOORN, LAURENS PIJL,  ISAAC DE SAINT- ... 
05:p0599 => VI. WILLEM VAN OUTHOORN, JOAN VAN HOORN, LAURENS PIJL,  ISAAC DE SAINT ... 
05:p0605 => VII. WILLEM VAN OUTHOORN, JOAN VAN HOORN, LAURENS PIJL,  ISAAC DE SAIN ... 
05:p0650 => VIII. WILLEM VAN OUTHOORN, JOAN VAN HOORN, LAURENS PIJL,  ISAAC DE SAI ... 
05:p0668 => IX. WILLEM VAN OUTHOORN, JOAN VAN HOORN, LAURENS PIJL,  ISAAC DE SAINT ... 
05:p0712 => X. WILLEM VAN OUTHOORN, JOAN VAN HOORN, LAURENS PIJL,  ISAAC DE SAINT- ... 
05:p0736 => XI. WILLEM VAN OUTHOORN, JOAN VAN HOORN, LAURENS PIJL,  ISAAC DE SAINT ... 
05:p0746 => XII. WILLEM VAN OUTHOORN, JOAN VAN HOORN, LAURENS PIJL,  ISAAC DE SAIN ... 
05:p0779 => XIII. WILLEM VAN OUTHOORN, JOAN VAN HOORN, LAURENS PIJL,  DIRK DE HAAS ... 
05:p0822 => XIV. WILLEM VAN OUTHOORN, JOAN VAN HOORN, LAURENS PIJL,  DIRK DE HAAS, ... 
05:p0834 => XV. WILLEM VAN OUTHOORN, JOAN VAN HOORN, LAURENS PIJL,  DIRK DE HAAS,  ... 
06:p0001 => XVI. WILLEM VAN OUTHOORN, JOAN VAN HOORN, LAURENS PIJL,  DIRK DE HAAS, ... 
06:p0011 => XVII. WILLEM VAN OUTHOORN, JOAN VAN HOORN, LAURENS PIJL,  DIRK DE HAAS ... 
06:p0017 => XVIII. WILLEM VAN OUTHOORN, JOAN VAN HOORN, LAURENS PIJL,  DIRK DE HAA ... 
06:p0048 => XIX. WILLEM VAN OUTHOORN, JOAN VAN HOORN, LAURENS PIJL,  DIRK DE HAAS, ... 
06:p0051 => XX. WILLEM VAN OUTHOORN, JOAN VAN HOORN, LAURENS PIJL,  DIRK DE HAAS,  ... 
06:p0064 => XXI. WILLEM VAN OUTHOORN, JOAN VAN HOORN, LAURENS PIJL,  DIRK DE HAAS, ... 
06:p0065 => XXII. WILLEM VAN OUTHOORN, JOAN VAN HOORN, LAURENS PIJL,  DIRK DE HAAS ... 
06:p0066 => XXIII. WILLEM VAN OUTHOORN, JOAN VAN HOORN, LAURENS PIJL,  DIRK DE HAA ... 
06:p0095 => XXIV. WILLEM VAN OUTHOORN, JOAN VAN HOORN, LAURENS PIJL,  DIRK DE HAAS ... 
06:p0105 => XXV. WILLEM VAN OUTHOORN, JOAN VAN HOORN, LAURENS PIJL,  DIRK DE HAAS, ... 
06:p0113 => XXVI. WILLEM VAN OUTHOORN, JOAN VAN HOORN, LAURENS PIJL,DIRK DE HAAS,  ... 
06:p0114 => XXVII. WILLEM VAN OUTHOORN, JOAN VAN HOORN, LAURENS  PIJL, DIRK DE HAA ... 
06:p0115 => XXVIII. WILLEM VAN OUTHOORN, JOAN VAN HOORN, LAURENS  PIJL, DIRK DE HA ... 
06:p0116 => XXIX. WILLEM VAN OUTHOORN, JOAN VAN HOORN, LAURENS PIJL,  DIRK DE HAAS ... 
06:p0143 => XXX. WILLEM VAN OUTHOORN, JOAN VAN HOORN, LAURENS PIJL,  DIRK DE HAAS, ... 
06:p0144 => XXXI. WILLEM VAN OUTHOORN, JOAN VAN HOORN, LAURENS PIJL,  DIRK DE HAAS ... 
06:p0150 => XXXII. WILLEM VAN OUTHOORN, JOAN VAN HOORN, LAURENS PIJL,  DIRK DE HAA ... 
06:p0153 => XXXIII. WILLEM VAN OUTHOORN, JOAN VAN HOORN, LAURENS  PIJL, ABRAHAM VA ... 
06:p0161 => XXXIV. WILLEM VAN OUTHOORN, JOAN VAN HOORN, LAURENS  PIJL, ABRAHAM VAN ... 
06:p0177 => XXXV. WILLEM VAN OUTHOORN, JOAN VAN HOORN, LAURENS PIJL,  ABRAHAM VAN  ... 
06:p0188 => XXXVI. WILLEM VAN OUTHOORN, JOAN VAN HOORN, LAURENS PIJL,  ABRAHAM VAN ... 
06:p0189 => XXXVII. WILLEM VAN OUTHOORN, JOAN VAN HOORN, LAURENS  PIJL, ABRAHAM VA ... 
06:p0219 => XXXVIII. WILLEM VAN OUTHOORN, JOAN VAN HOORN, LAURENS  PIJL, ABRAHAM V ... 
06:p0231 => XXXIX. WILLEM VAN OUTHOORN, JOAN VAN HOORN, ABRAHAM  VAN RIEBEECK, LAU ... 
06:p0236 => XL. WILLEM VAN OUTHOORN, JOAN VAN HOORN, ABRAHAM VAN  RIEBEECK, LAUREN ... 
06:p0267 => XLI. WILLEM VAN OUTHOORN, JOAN VAN HOORN, ABRAHAM VAN  RIEBEECK, LAURE ... 
06:p0275 => XLII. WILLEM VAN OUTHOORN, JOAN VAN HOORN, ABRAHAM VAN  RIEBEECK, LAUR ... 
06:p0286 => XLIH. WILLEM VAN OUTHOORN, JOAN VAN HOORN, ABRAHAM VAN  RIEBEECK, LAUR ... 
06:p0289 => I. JOAN VAN HOORN, ABRAHAM VAN RIEBEECK, LAURENS PIJL,  JOANNES COPS,  ... 
06:p0290 => II. JOAN VAN HOORN, ABRAHAM VAN RIEBEECK, LAURENS PIJL,  JOANNES COPS, ... 
06:p0327 => III. JOAN VAN HOORN, ABRAHAM VAN RIEBEECK, LAURENS PIJL,  JOANNES COPS ... 
06:p0329 => IV. JOAN VAN HOORN, ABRAHAM VAN RIEBEECK, LAURENS PIJL,  JOANNES COPS, ... 
06:p0340 => V. JOAN VAN HOORN, ABRAHAM VAN RIEBEECK, LAURENS PIJL,  JOANNES COPS,  ... 
06:p0342 => VI. JOAN VAN HOORN, ABRAHAM VAN RIEBEECK, LAURENS PIJL,  JOANNES COPS, ... 
06:p0343 => VII. JOAN VAN HOORN, ABRAHAM VAN RIEBEECK, LAURENS PIJL,  JOANNES COPS ... 
06:p0345 => VIII. JOAN VAN HOORN, ABRAHAM VAN RIEBEECK, LAURENS PIJL,  CHRISTOFFEL ... 
06:p0346 => IX. JOAN VAN HOORN, ABRAHAM VAN RIEBEECK, CHRISTOFFEL  VAN SWOLL, HERM ... 
06:p0383 => IX A. (Geheim) JOAN VAN HOORN, ABRAHAM VAN RIEBEECK, CHRISTOFFEL  VAN  ... 
06:p0390 => X. JOAN VAN HOORN, ABRAHAM VAN RIEBEECK, CHRISTOFFEL VAN  SWOLL, HERMA ... 
06:p0401 => XI. JOAN VAN HOORN, ABRAHAM VAN RIEBEECK, CHRISTOFFEL  VAN SWOLL, HERM ... 
06:p0402 => XII. JOAN VAN HOORN, ABRAHAM VAN RIEBEECK, CHRISTOFFEL  VAN SWOLL, HER ... 
06:p0406 => XIII. JOAN VAN HOORN EN RADEN VAN INDIË, BATAVIA 31 maart  1706 <super ... 
06:p0413 => XIV. JOAN VAN HOORN, ABRAHAM VAN RIEBEECK, CHRISTOFFEL  VAN SWOLL, HER ... 
06:p0414 => XV. JOAN VAN HOORN, ABRAHAM VAN RIEBEECK, CHRISTOFFEL  VAN SWOLL, HERM ... 
06:p0415 => XVI. JOAN VAN HOORN, ABRAHAM VAN RIEBEECK, CHRISTOFFEL  VAN SWOLL, HER ... 
06:p0463 => XVII. JOAN VAN HOORN, ABRAHAM VAN RIEBEECK, CHRISTOFFEL  VAN SWOLL, HE ... 
06:p0464 => XVIII. JOAN VAN HOORN, ABRAHAM VAN RIEBEECK, CHRISTOFFEL  VAN SWOLL, H ... 
06:p0466 => XIX. JOAN VAN HOORN, ABRAHAM VAN RIEBEECK, CHRISTOFFEL  VAN SWOLL, HER ... 
06:p0474 => XX. JOAN VAN HOORN, ABRAHAM VAN RIEBEECK, CHRISTOFFEL  VAN SWOLL, HERM ... 
06:p0477 => XXI. JOAN VAN HOORN, ABRAHAM VAN RIEBEECK, CHRISTOFFEL  VAN SWOLL, ABR ... 
06:p0513 => XXII. JOAN VAN HOORN, ABRAHAM VAN RIEBEECK, CHRISTOFFEL  VAN SWOLL, AD ... 
06:p0514 => XXIII. JOAN VAN HOORN, ABRAHAM VAN RIEBEECK, CHRISTOFFEL  VAN SWOLL, A ... 
06:p0525 => XXIV. JOAN VAN HOORN, ABRAHAM VAN RIEBEECK, CHRISTOFFEL  VAN SWOLL, AB ... 
06:p0530 => XXV. JOAN VAN HOORN, ABRAHAM VAN RIEBEECK, CHRISTOFFEL  VAN SWOLL, ABR ... 
06:p0531 => XXVI. JOAN VAN HOORN, ABRAHAM VAN RIEBEECK, CHRISTOFFEL  VAN SWOLL, AB ... 
06:p0574 => XXVII. JOAN VAN HOORN, ABRAHAM VAN RIEBEECK, CHRISTOFFELVAN SWOLL, ABR ... 
06:p0575 => XXVIII. JOAN VAN HOORN, ABRAHAM VAN RIEBEECK, CHRISTOFFEL  VAN SWOLL,  ... 
06:p0587 => XXIX. JOAN VAN HOORN, ABRAHAM VAN RIEBEECK, CHRISTOFFEL  VAN SWOLL, AB ... 
06:p0596 => XXX. JOAN VAN HOORN, ABRAHAM VAN RIEBEECK, CHRISTOFFEL  VAN SWOLL, ABR ... 
06:p0601 => I. ABRAHAM VAN RIEBEECK, ABRAHAM DOUGLAS, CHRISTOFFEL  VAN SWOLL, PIET ... 
06:p0641 => II. ABRAHAM VAN RIEBEECK, ABRAHAM DOUGLAS, CHRISTOFFEL  VAN SWOLL, PIE ... 
06:p0658 => III. ABRAHAM VAN RIEBEECK, ABRAHAM DOUGLAS, CHRISTOFFEL  VAN SWOLL, PI ... 
06:p0663 => IV. ABRAHAM VAN RIEBEECK, ABRAHAM DOUGLAS, CHRISTOFFEL  VAN SWOLL, PIE ... 
06:p0713 => V. ABRAHAM VAN RIEBEECK, ABRAHAM DOUGLAS, CHRISTOFFEL  VAN SWOLL, CORN ... 
06:p0732 => VI. ABRAHAM VAN RIEBEECK, ABRAHAM DOUGLAS, CHRISTOFFEL  VAN SWOLL, COR ... 
06:p0750 => VII. ABRAHAM VAN RIEBEECK, ABRAHAM DOUGLAS, CHRISTOFFEL  VAN SWOLL, CO ... 
06:p0810 => VIII. ABRAHAM VAN RIEBEECK, ABRAHAM DOUGLAS, CHRISTOFFEL  VAN SWOLL, C ... 
06:p0836 => IX. ABRAHAM VAN RIEBEECK, ABRAHAM DOUGLAS, CHRISTOFFEL  VAN SWOLL, COR ... 
06:p0844 => X. ABRAHAM VAN RIEBEECK, ABRAHAM DOUGLAS, CHRISTOFFEL  VAN SWOLL, CORN ... 
06:p0897 => XI. ABRAHAM VAN RIEBEECK, ABRAHAM DOUGLAS, CHRISTOFFEL  VAN SWOLL, COR ... 
06:p0915 => XII. ABRAHAM VAN RIEBEECK, ABRAHAM DOUGLAS, CHRISTOFFEL  VAN SWOLL, CO ... 
07:p0003 => I. CHRISTOFFEL VAN SWOLL, ABRAHAM DOUGLAS, CORNELIS CHASTELEIN,  MATTH ... 
07:p0045 => II. CHRISTOFFEL VAN SWOLL, ABRAHAM DOUGLAS, CORNELIS CHASTELEIN,  MATT ... 
07:p0065 => III. CHRISTOFFEL VAN SWOLL, ABRAHAM DOUGLAS, CORNELIS CHASTELEIN,  MAT ... 
07:p0078 => IV. CHRISTOFFEL VAN SWOLL, ABRAHAM DOUGLAS, MATTHEUS DE  HAAN, FRANS C ... 
07:p0136 => V. CHRISTOFFEL VAN SWOLL, ABRAHAM DOUGLAS, MATTHEUS DE HAAN,  FRANS C  ... 
07:p0153 => VI. CHRISTOFFEL VAN SWOLL, ABRAHAM DOUGLAS, MATTHEUS DE  HAAN, FRANS C ... 
07:p0162 => VII CHRISTOFFEL VAN SWOLL, ABRAHAM DOUGLAS, MATTHEUS DEHAAN, FRANS CAS ... 
07:p0166 => VIII. CHRISTOFFEL VAN SWOLL, FRANS CASTELIJN, MATTHEUS DE HAAN,  HENDR ... 
07:p0202 => IX. CHRISTOFFEL VAN SWOLL, FRANS CASTELIJN, MATTHEUS DE HAAN,  HENDRIK ... 
07:p0216 => X. CHRISTOFFEL VAN SWOLL, FRANS CASTELIJN, MATTHEUS DE HAAN,  HENDRIK  ... 
07:p0224 => XI. CHRISTOFFEL VAN SWOLL, FRANS CASTELIJN, MATTHEUS DE HAAN,  HENDRIK ... 
07:p0226 => XII. CHRISTOFFEL VAN SWOLL, FRANS CASTELIJN, MATTHEUS DE HAAN,  HENDRI ... 
07:p0265 => XIII. CHRISTOFFEL VAN SWOLL, FRANS CASTELIJN, MATTHEUS DE HAAN,  HENDR ... 
07:p0278 => XIV. CHRISTOFFEL VAN SWOLL, FRANS CASTELIJN, MATTHEUS DE HAAN,  HENDRI ... 
07:p0290 => XV. CHRISTOFFEL VAN SWOLL, FRANS CASTELIJN, MATTHEUS DE HAAN,  HENDRIK ... 
07:p0325 => XVI. CHRISTOFFEL VAN SWOLL, FRANS CASTELIJN, MATTHEUS DE HAAN,  HENDRI ... 
07:p0336 => XVII. CHISTOFFEL VAN SWOLL, FRANS CASTELIJN, MATTHEUS DE HAAN,  HENDRI ... 
07:p0353 => I. HENDRIK ZWAARDECROON, FRANS CASTELIJN, MATTHEUS DE HAAN,  SAMUEL TI ... 
07:p0381 => II. HENDRIK ZWAARDECROON, FRANS CASTELIJN, MATTHEUS DE HAAN,  SAMUEL T ... 
07:p0396 => III. HENDRIK ZWAARDECROON, FRANS CASTELIJN, MATTHEUS DE HAAN,  SAMUEL  ... 
07:p0413 => IV. HENDRIK ZWAARDECROON, FRANS CASTELIJN, MATTHEUS DE HAAN,  SAMUEL T ... 
07:p0456 => V. HENDRIK ZWAARDECROON, FRANS CASTELIJN, MATTHEUS DE HAAN,  SAMUEL TI ... 
07:p0467 => VI. HENDRIK ZWAARDECROON, FRANS CASTELIJN, MATTHEUS DE HAAN,SAMUEL TIM ... 
07:p0479 => VII. HENDRIK ZWAARDECROON, FRANS CASTELIJN, MATTHEUS DE HAAN,  SAMUEL  ... 
07:p0485 => VIII. HENDRIK ZWAARDECROON, FRANS CASTELIJN, MATTHEUS DE  HAAN, SAMUEL ... 
07:p0517 => IX. HENDRIK ZWAARDECROON, FRANS CASTELIJN, MATTHEUS DE HAAN,  SAMUEL T ... 
07:p0534 => X. HENDRIK ZWAARDECROON, FRANS CASTELIJN, MATTHEUS DE HAAN,  SAMUEL TI ... 
07:p0537 => XI. HENDRIK ZWAARDECROON, FRANS CASTELIJN, MATTHEUS DE HAAN,  SAMUEL T ... 
07:p0547 => XII. HENDRIK ZWAARDECROON, FRANS CASTELIJN, M ATTHEUS DE HAAN,  JACOB  ... 
07:p0552 => XIII. HENDRIK ZWAARDECROON, FRANS CASTELIJN, MATTHEUS DE  HAAN, JACOB  ... 
07:p0583 => XIV. HENDRIK ZWAARDECROON, FRANS CASTELIJN, MATTHEUS DE  HAAN, JACOB F ... 
07:p0596 => XV. HENDRIK ZWAARDECROON, MATTHEUS DE HAAN, JACOB FAES, ANTHONY  HUYSM ... 
07:p0607 => XVI. HENDRIK ZWAARDECROON, MATTHEUS DE HAAN, JACOB FAES,  ANTHONY HUYS ... 
07:p0610 => XVII. HENDRIK ZW AARDECROON, M ATTHEUS DE HAAN, ANTHONY HUYSMAN,  CORN ... 
07:p0640 => XVIII. HENDRIK ZWAARDECROON, MATTHEUS DE HAAN, ANTHONY  HUYSMAN, CORNE ... 
07:p0651 => XIX. HENDRIK ZWAARDECROON, MATTHEUS DE HAAN, ANTHONY HUYSMAN,  CORNELI ... 
07:p0657 => XX. HENDRIK ZWAARDECROON, MATTHEUS DE HAAN, ANTHONY HUYSMAN,  CORNELIS ... 
07:p0660 => XXII HENDRIK ZWAARDECROON, MATTHEUS DE HAAN, ANTHONY HUYSMAN,  CORNELI ... 
07:p0661 => XXII. HENDRIK ZWAARDECROON, MATTHEUS DE HAAN, ANTHONY HUYSM  AN, CORNE ... 
07:p0684 => XXIII. HENDRIK ZWAARDECROON, MATTHEUS DE HAAN, ANTHONY  HUYSMAN, CORNE ... 
07:p0693 => XXIV. HENDRIK ZWAARDECROON, MATTHEUS DE HAAN, ANTHONY  HUYSMAN, CORNEL ... 
07:p0706 => XXV. HENDRIK ZWAARDECROON, MATTHEUS DE HAAN, ANTHONY  HUYSMAN, CORNELI ... 
07:p0707 => XXVI. HENDRIK ZWAARDECROON, MATTHEUS DE HAAN, ANTHONY  HUYSMAN, CORNEL ... 
07:p0710 => XXVII. HENDRIK ZWAARDECROON, MATTHEUS DE HAAN, ANTHONY  HUYSMAN, CORNE ... 
07:p0744 => XXVIII. HENDRIK ZWAARDECROON, MATTHEUS DE HAAN, ANTHONY  HUYSMAN, CORN ... 
07:p0745 => XXIX. HENDRIK ZWAARDECROON, MATTHEUS DE HAAN, ANTHONY  HUYSMAN, CORNEL ... 
07:p0746 => XXX. HENDRIK Z W A ARDECRÖON, MATTHEUS DE HAAN, ANTHONY  HUYSMAN, CORN ... 
07:p0754 => XXXI. HENDRIK ZWAARDECROON, MATTHEUS DE HAAN, ANTHONY  HUYSMAN, CORNEL ... 
08:p0003 => I. MATTHEUS DE HAAN, ANTHONY HUYSMAN, CORNELIS HASSELAAR,  WYBRANT BLO ... 
08:p0009 => II. MATTHEUS DE HAAN, ANTHONY HUYSMAN, CORNELIS HASSELAAR,  WYBRANT BL ... 
08:p0033 => III. MATTHEUS DE HAAN, ANTHONY HUYSMAN, CORNELIS HASSELAAR,  WIJBRANT  ... 
08:p0046 => IV. MATTHEUS DE HAAN, ANTHONY HUYSMAN, CORNELIS HASSELAAR,  WIJBRANT B ... 
08:p0059 => V. MATTHEUS DE HAAN, ANTHONY HUYSMAN, CORNELIS HASSELAAR,  WIJBRANT BL ... 
08:p0068 => VI. MATTHEUS DE HAAN, ANTHONY HUYSMAN, CORNELIS HASSELAAR,  WIJBRANT B ... 
08:p0100 => VII. MATTHEUS DE HAAN, ANTHONY HUYSMAN, CORNELIS HASSELAAR,  WIJBRANT  ... 
08:p0111 => Vlll. MATTHEUS DE HAAN, ANTHONY HUYSMAN, CORNELIS HASSELAAR,  W1JBRANT ... 
08:p0121 => IX. MATTHEUS DE HAAN, ANTHONY HUYSMAN, CORNELIS HASSELAAR,  WIJBRANT B ... 
08:p0127 => IXa, geheim. MATTHEUS DE HAAN, ANTHONY HUYSMAN, CORNELIS  HASSELAAR, W ... 
08:p0128 => X. MATTHEUS DE HAAN, ANTHONY HUYSMAN, CORNELIS HASSELAAR,  W1JBRANT BL ... 
08:p0154 => XI. MATTHEUS DE HAAN, ANTHONY HUYSMAN, CORNELIS HASSELAAR,  WIJBRANT B ... 
08:p0171 => XII. MATTHEUS DE HAAN, ANTHONY HUYSMAN, CORNELIS HASSELAAR,  WIJBRANT  ... 
08:p0179 => XIII. MATTHEUS DE HAAN, ANTHONY HUYSMAN, CORNELIS HASSELAAR,  WIJBRANT ... 
08:p0188 => XIV. MATTHEUS DE HAAN, ANTHONY HUYSMAN, CORNEL1S HASSELAAR,  WIJBRANT  ... 
08:p0224 => XlVa. MATTHEUS DE HAAN, ANTHONY HUYSMAN, CORNELIS HASSELAAR,  WIJBRANT ... 
08:p0225 => XV. MATTHEUS DE HAAN, ANTHONY HUYSMAN, CORNELIS HASSELAAR,  WIJBRANT B ... 
08:p0234 => XVI. MATTHEUS DE HAAN, ANTHONY HUYSMAN, CORNELIS HASSELAAR,  WIJBRANT  ... 
08:p0235 => XVII. MATTHEUS DE HAAN, ANTHONY HUYSMAN, CORNELIS HASSELAAR,  WIJBRANT ... 
09:p0001 => I. DIDERIK DURVEN, CORNELIS HASSELAAR, WIJBRANT BLOM, JOAN  EVERARD VA ... 
09:p0007 => II. DIDERIK DURVEN, CORNELIS HASSELAAR, WIJBRANT BLOM, JOAN  EVERARD V ... 
09:p0012 => III. DIDERIK DURVEN, CORNELIS HASSELAAR, WIJBRANT BLOM, JOAN  EVERARD  ... 
09:p0014 => IV. DIDERIK DURVEN, CORNELIS HASSELAAR, WIJBRANT BLOM, JOAN  EVERARD V ... 
09:p0015 => V. DIDERIK DURVEN, CORNELIS HASSELAAR, WIJBRANT BLOM, JOAN  EVERARD VA ... 
09:p0070 => VI. DIDERIK DURVEN, CORNELIS HASSELAAR, WIJBRANT BLOM, JOAN  EVERARD V ... 
09:p0071 => VII. DIDERIK DURVEN, CORNELIS HASSELAAR, WIJBRANT BLOM, JOAN  EVERARD  ... 
09:p0096 => VIII. DIDERIK DURVEN, CORNELIS HASSELAAR, WIJBRANT BLOM, JOAN  EVERARD ... 
09:p0097 => IX. DIDERIK DURVEN, CORNELIS HASSELAAR, WIJBRANT BLOM, JOAN  EVERARD V ... 
09:p0112 => X. DIDERIK DURVEN, CORNELIS HASSELAAR, WIJBRANT BLOM, JOAN  EVERARD VA ... 
09:p0130 => XI. DIDERIK DURVEN, CORNELIS HASSELAAR, WIJBRANT BLOM, JOAN  EVERARD V ... 
09:p0131 => XII. DIDERIK DURVEN, CORNELIS HASSELAAR, WIJBRANT BLOM, JOAN  EVERARD  ... 
09:p0207 => XIII. DIDERIK DURVEN, CORNELIS HASSELAAR, WIJBRANT BLOM, JOAN  EVERARD ... 
09:p0227 => XIV. DIDERIK DURVEN, CORNELIS HASSELAAR, WIJBRANT BLOM, JOAN  EVERARD  ... 
09:p0233 => XV. DIDERIK DURVEN, CORNELIS HASSELAAR, WIJBRANT BLOM, JOAN  EVERARD V ... 
09:p0256 => XVI. DIDERIK DURVEN, CORNELIS HASSELAAR, WIJBRANT BLOM, JOAN  EVERARD  ... 
09:p0294 => XVII. DIDERIK DURVEN, CORNELIS HASSELAAR, WIJBRANT BLOM,  JOAN EVERARD ... 
09:p0325 => XVIII. DIDERIK DURVEN, CORNELIS HASSELAAR, WIJBRANT BLOM,  JO AN EVERA ... 
09:p0327 => XIX. DIDERIK DURVEN, CORNELIS HASSELAAR, WIJBRANT BLOM, JOAN  EVERARD  ... 
09:p0344 => I. DIRK VAN CLOON, WIJBRANT BLOM, JOAN EVERARD VAN DER  SCHUER, MICHIE ... 
09:p0365 => II. DIRK VAN CLOON, WIJBRANT BLOM, JOAN EVERARD VAN DER  SCHUER, MICHI ... 
09:p0424 => III. DIRK VAN CLOON, WIJBRANT BLOM, JOAN EVERARD VAN DER  SCHUER, MICH ... 
09:p0425 => IV. DIRK VAN CLOON, WIJBRANT BLOM, JOAN EVERARD VAN DER  SCHUER, MICHI ... 
09:p0427 => V. DIRK VAN CLOON, WIJBRANT BLOM, JOAN EVERARD VAN DER  SCHUER, het ca ... 
09:p0467 => VI. DIRK VAN CLOON, WIJBRANT BLOM, JOAN EVERARD VAN DER  SCHUER, MICHI ... 
09:p0482 => VII. DIRK VAN CLOON, WIJBRANT BLOM, JOAN EVERARD VAN DER  SCHUER, MICH ... 
09:p0484 => VIII. DIRK VAN CLOON, MICHIEL WESTPALM, JOAN FRANQOIS DE WITTE  VAN SC ... 
09:p0525 => IX. DIRK VAN CLOON, JOAN EVERARD VAN DER SCHUER, MICHIEL  WESTPALM, JO ... 
09:p0548 => X. DIRK VAN CLOON, WIJBRANT BLOM, JOAN EVERARD VAN DER  SCHUER, MICHIE ... 
09:p0567 => XI. DIRK VAN CLOON, WIJBRANT BLOM, MICHIEL WESTPALM, JOAN  FRANQOIS DE ... 
09:p0588 => XII. DIRK VAN CLOON, WIJBRANT BLOM, JOAN FRANQOIS DE WITTE VAN  SCHOOT ... 
09:p0597 => XIII. DIRK VAN CLOON, WIJBRANT BLOM, HERMAN VAN BAYEN,  ADRIAAN OOSTWA ... 
09:p0627 => XIV. DIRK VAN CLOON, WIJBRANT BLOM, HERMAN VAN BAYEN,  ADRIAAN VALCKEN ... 
09:p0628 => I. ABRAHAM PATRAS, WIJBRANT BLOM, HERMAN VAN BAYEN,  ADRIAAN VALCKENIE ... 
09:p0652 => II. ABRAHAM PATRAS, WIJBRANT BLOM, HERMAN VAN BAYEN,  ADRIAAN VALCKENI ... 
09:p0672 => III. ABRAHAM PATRAS, WIJBRANT BLOM, HERMAN VAN BAYEN,  ADRIAAN VALCKEN ... 
09:p0692 => IV. ABRAHAM PATRAS, WIJBRANT BLOM, HERMAN VAN BAYEN,  ADRIAAN VALCKENI ... 
09:p0702 => V. ABRAHAM PATRAS, WIJBRANT BLOM, HERMAN VAN BAYEN,  ADRIAAN VALCKENIE ... 
09:p0750 => VI. ABRAHAM PATRAS, WIJBRANT BLOM, ADRIAAN VALCKENIER, JOAN  PAUL SCHA ... 
09:p0782 => VII. ABRAHAM PATRAS, WIJBRANT BLOM, ADRIAAN VALCKENIER,  JOAN PAUL SCH ... 
09:p0805 => VIII. ABRAHAM PATRAS, WIJBRANT BLOM, ADRIAAN VALCKENIER,  JOAN PAUL SC ... 
09:p0807 => IX. ABRAHAM PATRAS, WIJBRANT BLOM, ADRI AAN VALCKENIER, JOAN  PAUL SCH ... 
09:p0830 => X. ABRAHAM PATRAS, WIJBRANT BLOM, ADRIAAN VALCKENIER, JOAN  PAUL SCHAG ... 
10:p0001 => I. ADRIAAN VALCKENIER, JOAN PAUL SCHAGHEN, JOHANNES THEDENS,  ELIAS DE ... 
10:p0049 => II. ADRIAAN VALCKENIER, JOAN PAUL SCHAGHEN, JOHANNES THE-DENS, ELIAS D ... 
10:p0081 => Ila. ADRIAAN VALCKENIER, JOAN PAUL SCHAGHEN, JOHANNES THE-DENS, ELIAS  ... 
10:p0087 => III. ADRIAAN VALCKENIER, JOAN PAUL SCHAGHEN, ELIAS DE HAEZE,ISA AC VAN ... 
10:p0112 => IV. ADRIAAN VALCKENIER, JOAN PAUL SCHAGHEN, JOHANNES THEDENS,  ELIAS D ... 
10:p0175 => V. ADRIAAN VALCKENIER, JOAN PAUL SCHAGHEN, JOHANNES THEDENS,  ELIAS DE ... 
10:p0255 => VI. ADRIAAN VALCKENIER, JOAN PAUL SCHAGHEN, JOHANNES THE-DENS, ELIAS D ... 
10:p0297 => VII. ADRIAAN VALCKENIER, JOAN PAUL SCHAGHEN, JOHANNES  THEDENS, ELIAS  ... 
10:p0399 => Vila. ADRIAAN VALCKENIER, JOAN PAUL SCHAGHEN, JOHANNES  THEDENS, ELIAS ... 
10:p0413 => VIII. ADRIAAN VALCKENIER, JOAN PAUL SCHAGHEN, JOHANNES THE-DENS, ELIAS ... 
10:p0461 => IX. ADRIAAN VALCKENIER, JOAN PAUL SCHAGHEN, JOHANNES THEDENS,  ELIAS D ... 
10:p0494 => X. ADRIAAN VALCKENIER, JOAN PAUL SCHAGHEN, JOHANNES THEDENS,  GUSTAAF  ... 
10:p0495 => XI. ADRIAAN VALCKENIER, JOAN PAUL SCHAGHEN, JOHANNES THEDENS,  GUSTAAF ... 
10:p0496 => XII. ADRIAAN VALCKENIER, JOAN PAUL SCHAGHEN, JOHANNES THE-DENS, HERMAN ... 
10:p0598 => XIII. ADRIAAN VALCKENIER, JOAN PAUL SCHAGHEN, JOHANNES THE-DENS, HERMA ... 
10:p0633 => XIV. ADRIAAN VALCKENIER, JOAN PAUL SCHAGHEN, JOHANNES THE-DENS, HERMAN ... 
10:p0749 => I. JOHANNES THEDENS, JOAN PAUL SCHAGHEN, HERMAN VAN SUCHTELEN,  PIETER ... 
10:p0767 => II. JOHANNES THEDENS, HERMAN VAN SUCHTELEN, PIETER ROCHUSPASQUES DE CH ... 
10:p0799 => III. JOHANNES THEDENS, HERMAN VAN SUCHTELEN, PIETER ROCHUSPASQUES DE C ... 
10:p0807 => IV. JOHANNES THEDENS, HERMAN VAN SUCHTELEN, PIETER ROCHUS  PASQUES DE  ... 
10:p0857 => V. JOHANNES THEDENS, PIETER ROCHUS PASQUES DE CHAVONNES,ELIAS GUILLOT, ... 
10:p0997 => VI. JOHANNES THEDENS, DANIËL NOLTHENIUS, PIETER ROCHUS PAS-QUES DE CHA ... 
10:p1001 => VIL JOHANNES THEDENS, DANIËL NOLTHENIUS, PIETER ROCHUS PAS-QUES DE CHA ... 
10:p1016 => VIII. JOHANNES THEDENS, PIETER ROCHUS PASQUES DE CHAVONNES,DANIËL NOLT ... 
11:p0001 => I. GUSTAAF WILLEM VAN IMHOFF, PIETER ROCHUS PASQUES DE CHAVONNES,  NIC ... 
11:p0008 => II. GUSTAAF WILLEM VAN IMHOFF, PIETER ROCHUS PASQUES DE CHAVONNES,  NI ... 
11:p0023 => III. GUSTAAF WILLEM VAN IMHOFF, PIETER ROCHUS PASQUES DE CHAVONNES,  N ... 
11:p0025 => IV. GUSTAAF WILLEM VAN IMHOFF, PIETER ROCHUS PASQUES DE CHAVONNES,  NI ... 
11:p0027 => V. GUSTAAF WILLEM VAN IMHOFF, PIETER ROCHUS PASQUES DE CHAVONNES,  NIC ... 
11:p0115 => VI. GUSTAAF WILLEM VAN IMHOFF, PIETER ROCHUS PASQUES DE CHAVONNES,  NI ... 
11:p0116 => VII. GUSTAAF WILLEM VAN IMHOFF, PIETER ROCHUS PASQUES DE CHAVONNES,  N ... 
11:p0130 => VIII. GUSTAAF WILLEM VAN IMHOFF, PIETER ROCHUS PASQUES DE  CHAVONNES,  ... 
11:p0131 => IX. GUSTAAF WILLEM VAN IMHOFF, PIETER ROCHUS PASQUES DE CHAVONNES,  NI ... 
11:p0207 => X. GUSTAAF WILLEM VAN IMHOFF, PIETER ROCHUS PASQUES DE CHAVONNES,  NIC ... 
11:p0217 => XI. GUSTAAF WILLEM VAN IMHOFF, PIETER ROCHUS PASQUES DE CHAVONNES,  NI ... 
11:p0224 => XII. GUSTAAF WILLEM VAN IMHOFF, PIETER ROCHUS PASQUES DE CHAVONNES,  N ... 
11:p0226 => XIII. GUSTAAF WILLEM VAN IMHOFF (niet getekend wegens ziekte), PIETER  ... 
11:p0329 => XIV. GUSTAAF WILLEM VAN IMHOFF, PIETER ROCHUS PASQUES DE  CHAVONNES, N ... 
11:p0330 => XV. GUSTAAF WILLEM VAN IMHOFF, NICOLAAS CRUL, DANIËL NOLTHENIUS,  MAUR ... 
11:p0349 => XVI. GUSTAAF WILLEM VAN IMHOFF, NICOLAAS CRUL, DANIËL NOLTHENIUS,  MAU ... 
11:p0350 => XVII. GUSTAAF WILLEM VAN IMHOFF, PIETER ROCHUS PASQUES DE  CHAVONNES,  ... 
11:p0353 => XVIII. GUSTAAF WILLEM VAN IMHOFF, PIETER ROCHUS PASQUES DE  CHAVONNES, ... 
11:p0355 => XIX. GUSTAAF WILLEM VAN IMHOFF, PIETER ROCHUS PASQUES DE  CHAVONNES, N ... 
11:p0363 => XX. GUSTAAF WILLEM VAN IMHOFF, PIETER ROCHUS PASQUES DE CHAVONNES,  NI ... 
11:p0475 => XXI. GUSTAAF WILLEM VAN IMHOFF, NICOLAAS CRUL, DANIËL NOLTHENIUS,  JOH ... 
11:p0479 => XXII. GUSTAAF WILLEM VAN IMHOFF, NICOLAAS CRUL, DANIËL NOLTHENIUS,  JO ... 
11:p0481 => XXIII. GUSTAAF WILLEM VAN IMHOFF, DANIËL NOLTHENIUS, JOHANNES  MATTHEU ... 
11:p0505 => XXIV. GUSTAAF WILLEM VAN IMHOFF, DANIËL NOLTHENIUS, JOHANNES  MATTHEUS ... 
11:p0507 => XXV. GUSTAAF WILLEM VAN IMHOFF, JOHANNES MATTHEUS CLUYSENAAR,  DANIËL  ... 
11:p0601 => XXVI. GUSTAAF WILLEM VAN IMHOFF, JOH ANNES MATTHEUS CLUYSENAAR,  DANIË ... 
11:p0604 => XXVII. GUSTAAF WILLEM VAN IMHOFF, JOHANNES MATTHEUS CLUYSENAAR,  DANIË ... 
11:p0608 => XXVIII. GUSTAAF WILLEM VAN IMHOFF, JOHANNES MATTHEUS CLUYSENAAR,  DANI ... 
11:p0616 => XXIX. GUSTAAF WILLEM VAN IMHOFF, JOHANNES MATTHEUS CLUYSENAAR,  DANIËL ... 
11:p0618 => XXX. GUSTAAF WILLEM VAN IMHOFF, JOHANNES MATTHEUS CLUYSENAAR,  DANIËL  ... 
11:p0641 => XXXI. GUSTAAF WILLEM VAN IMHOFF, JOH ANNES MATTHEUS CLUYSENAAR,  DANIË ... 
11:p0735 => XXXII. GUSTAAF WILLEM VAN IMHOFF, JOH ANNES M ATTHEUS CLUYSENAAR,  DAN ... 
11:p0751 => XXXIII. GUSTAAF WILLEM VAN IMHOFF, JOHANNES MATTHEUS CLUYSENAAR,  DANI ... 
11:p0754 => XXXIV. GUSTAAF WILLEM VAN IMHOFF, JOHANNES MATTHEUS CLUYSENAAR,  DANIË ... 
11:p0766 => XXXV. GUSTAAF WILLEM VAN IMHOFF, JOHANNES MATTHEUS CLUYSENAAR,  DANIËL ... 
11:p0769 => XXXVI. GUSTAAF WILLEM VAN IMHOFF, JOHANNES MATTHEUS CLUYSENAAR,  DANIË ... 
11:p0846 => XXXVII. GUSTAAF WILLEM VAN IMHOFF, JOHANNES MATTHEUS CLUYSENAAR,  DANI ... 
11:p0854 => XXXVIII. GUSTAAF WILLEM VAN IMHOFF, JOHANNES MATTHEUS CLUYSENAAR,  DAN ... 
11:p0858 => XXXIX. GUSTAAF WILLEM VAN IMHOFF, JOHANNES MATTHEUS CLUYSENAAR,  DANIË ... 
11:p0862 => XL. GUSTAAF WILLEM VAN IMHOFF, JOHANNES MATTHEUS CLUYSENAAR,  DANIËL O ... 
11:p0868 => XLI. GUSTAAF WILLEM VAN IMHOFF, JOHANNES MATTHEUS CLUYSENAAR,  DANIËL  ... 
12:p0001 => I. JACOB MOSSEL, JOHANNES MATTHEUS CLUYSENAAR, DANIËL OVERBEEK,  AREND ... 
12:p0003 => II. JACOB MOSSEL, JOHANNES MATTHEUS CLUYSENAAR, DANIËL OVER-BEEK, AREN ... 
12:p0083 => III. JACOB MOSSEL, JOHANNES MATTHEUS CLUYSENAAR, DANIËL OVER-BEEK, ARE ... 
12:p0084 => IV. JACOB MOSSEL, JOHANNES MATTHEUS CLUYSENAAR, DANIËL OVER-BEEK, AREN ... 
12:p0088 => V. JACOB MOSSEL, JOHANNES MATTHEUS CLUYSENAAR, DANIËL OVER-BEEK, AREND ... 
12:p0089 => VI. JACOB MOSSEL, JOHANNES MATTHEUS CLUYSENAAR, AREND VANBROYEL, JACOB ... 
12:p0096 => VIL JACOB MOSSEL, JOHANNES MATTHEUS CLUYSENAAR, AREND VANBROYEL, JACOB ... 
12:p0180 => VIII. JACOB MOSSEL, JOHANNES MATTHEUS CLUYSENAAR, AREND VANBROYEL, JAC ... 
12:p0181 => IX. JACOB MOSSEL, JOHANNES MATTHEUS CLUYSENAAR, AREND VANBROYEL, JACOB ... 
12:p0183 => X. JACOB MOSSEL, JOHANNES MATTHEUS CLUYSENAAR, AREND VANBROYEL, JACOB  ... 
12:p0186 => XI. JACOB MOSSEL, JOHANNES MATTHEUS CLUYSENAAR, JACOB VAN DERWAEYEN, P ... 
12:p0189 => XII. JACOB MOSSEL, JOHANNES MATTHEUS CLUYSENAAR, AREND VANBROYEL, JACO ... 
12:p0196 => XIII. JACOB MOSSEL, JOHANNES MATTHEUS CLUYSENAAR, AREND VANBROYEL, JAC ... 
12:p0198 => XIV. JACOB MOSSEL, JOHANNES MATTHEUS CLUYSENAAR, AREND VANBROYEL, JACO ... 
12:p0276 => XV. JACOB MOSSEL, JOHANNES MATTHEUS CLUYSENAAR, AREND VANBROYEL, JACOB ... 
12:p0278 => XVI. JACOB MOSSEL, AREND VAN BROYEL, JACOB VAN DER WAEYEN,PETRUS ALBER ... 
12:p0281 => XVII. JACOB MOSSEL, AREND VAN BROYEL, JACOB VAN DER WAEYEN, JUR-GEN VA ... 
12:p0293 => XVIII. JACOB MOSSEL, JACOB VAN DER WAEYEN, PETRUS ALBERTUS VANDER PARR ... 
12:p0392 => XIX. JACOB MOSSEL, JACOB VAN DER WAEYEN, PETRUS ALBERTUS VANDER PARRA, ... 
12:p0394 => XX. JACOB MOSSEL, JACOB VAN DER WAEYEN, PETRUS ALBERTUS VAN DERPARRA,  ... 
12:p0403 => XXL JACOB MOSSEL, JACOB VAN DER WAEYEN, PETRUS ALBERTUS VANDER PARRA,  ... 
12:p0499 => XXII. JACOB MOSSEL, JACOB VAN DER WAEYEN, PETRUS ALBERTUS VANDER PARRA ... 
12:p0500 => XXIII. JACOB MOSSEL, JACOB VAN DER WAEYEN, PETRUS ALBERTUS VANDER PARR ... 
12:p0501 => XXIV. JACOB MOSSEL, JACOB VAN DER WAEYEN, PETRUS ALBERTUS VANDER PARRA ... 
12:p0509 => XXV. JACOB MOSSEL, JACOB VAN DER WAEYEN, PETRUS ALBERTUS VANDER PARRA, ... 
12:p0510 => XXVI. JACOB MOSSEL, JACOB VAN DER WAEYEN, PETRUS ALBERTUS VANDER PARRA ... 
13:p0001 => XXVII. JACOB MOSSEL, JACOB VAN DER WAEYEN, PETRUS ALBERTUS  VAN DER PA ... 
13:p0008 => XXVIII. JACOB MOSSEL, JACOB VAN DER WAEYEN, PETRUS ALBERTUS  VAN DER P ... 
13:p0014 => XXIX. JACOB MOSSEL, JACOB VAN DER WAEYEN, PETRUS ALBERTUS  VAN DER PAR ... 
13:p0111 => XXX. JACOB MOSSEL, JACOB VAN DER WAEYEN, PETRUS ALBERTUS  VAN DER PARR ... 
13:p0115 => XXXI. JACOB MOSSEL, JACOB VAN DER WAEYEN, PETRUS ALBERTUSVAN DER PARRA ... 
13:p0122 => XXXII. JACOB MOSSEL, JACOB VAN DER WAEYEN, PETRUS ALBERTUS  VAN DER PA ... 
13:p0213 => XXXIII. JACOB MOSSEL, JACOB VAN DER WAEYEN, PETRUS ALBERTUS  VAN DER P ... 
13:p0217 => XXXIV. JACOB MOSSEL, JACOB VAN DER WAEYEN, PETRUS ALBERTUSVAN DER PARR ... 
13:p0231 => XXXV. JACOB MOSSEL, JACOB VAN DER WAEYEN, PETRUS ALBERTUS  VAN DER PAR ... 
13:p0340 => XXXVI. JACOB MOSSEL, JACOB VAN DER WAEYEN, PETRUS ALBERTUSVAN DER PARR ... 
13:p0345 => XXXVII. JACOB MOSSEL, JACOB VAN DER WAEYEN, PETRUS ALBERTUS  VAN DER P ... 
13:p0362 => XXXVIII. JACOB MOSSEL, JACOB VAN DER WAEYEN, PETRUS ALBERTUSVAN DER PA ... 
13:p0477 => XXXIX. JACOB MOSSEL, JACOB VAN DER WAEYEN, PETRUS ALBERTUS  VAN DER PA ... 
13:p0483 => XL. JACOB MOSSEL, JACOB VAN DER WAEYEN, PETRUS ALBERTUS VANDER PARRA,  ... 
13:p0501 => XLI. JACOB MOSSEL, JACOB VAN DER WAEYEN, PETRUS ALBERTUS VANDER PARRA, ... 
13:p0620 => XLII. JACOB MOSSEL, JACOB VAN DER WAEYEN, PETRUS ALBERTUSVAN DER PARRA ... 
13:p0626 => BIJLAGE LADINGLIJST VAN TWAALF RETOURSCHEPEN VERTROKKEN  OP 15 EN 30 O ... 
